Index,0 [INT] [0xC],1 [UBYTE] [0x24],2 [USHORT] [0x20],3 [USHORT] [0x22],4 [INT] [0x10],5 [INT] [0x14],6 [INT] [0x18],7 [STRING] [0x0],8 [STRING] [0x4],9 [STRING] [0x8],10 [INT] [0x1C],11 [BBOOL] [0x25]
2162688,4876856,22,800,1159,27,81501,81001,"梭鱼埠头","某位商人所见的风景。向下望去，三艘红帆军舰列队停泊，彰显着利姆萨·罗敏萨作为海之都的深厚实力。","军用埠头，利姆萨·罗敏萨引以为傲的旗舰舰队“黑涡舰队”在此停泊。一般市民是禁止进入的，不过，可以从视野好的地方看到旗舰凯旋号及整个舰队的英姿。",81451,true
2162689,4876859,22,1800,459,27,81502,81002,"阿斯塔利西亚号海盗船","某个海盗所见的景色。喝酒之后就会情绪高涨，便会非常嚣张地到不好惹的家伙们的地盘上去张望。结果第二天醒来时发现自己被吊起来了。","三大海盗之首的海盗团“断罪党”拥有的大型帆船。虽然表面上对外宣称这是一艘外国籍的商务船，但其实每个人心里都清楚，那是大海盗希尔菲厄的私有船。船内则是各路海盗们的社交场所。",81451,true
2162690,4876905,58,500,759,30,81503,81003,"海词石窟的纪念碑","某位水手所见的风景。其在出海打渔之前固定会做的仪式，在远离阳光的洞穴中为逝去的同伴们祈祷。悄然的雨声，为祈祷伴上了一曲安稳的镇魂歌。","船员们的纪念碑。纪念碑上刻有传说会运送灵魂的黑尾鸥，以及一首镇魂歌：“我是支撑船只的波浪，我是指引海员的微风。我是夜晚的星星，我是早晨的天空。我生于大海之中，亦将逝于大海之中。”",81451,true
2162691,4876907,22,1200,1659,30,81504,81004,"天梯","某位运货人所见的风景。辛苦劳动的工作中抽空看看美景可以说是最好的休息。蓝天下的气球真是美妙。","第七灵灾时，天地巨变导致这里的地形发生了极大的变化。为了跨越这新生的横断崖，利姆萨·罗敏萨的运货人共同搭建起了能够运送货物的升降机。除升降机外，有时他们还会使用气球上下传递物资。",81451,true
2162692,4876912,22,800,1159,30,81505,81005,"拉撒格兰东路","某位警备兵所见的风景。灰色的天空有如灰色的心情，只有登高远望前人开拓出的道路，回顾开拓者的辛劳，才能让心绪得到舒展。","连接中拉诺西亚和拉诺西亚低地、并通往东拉诺西亚的一条道路。这条路是以一位精灵族的冒险者“拉撒格兰”的名字命名。在人们迁入到这个岛屿的早期时候，他曾与建国船加拉迪翁号的领航员德内维尔一起，在岛上探索并记录下地形的结构。",81451,true
2162693,4876920,22,1800,459,31,81508,81008,"砂盐滩","某位捕鱼人所见的风景。在放浪神的守护下，低垂的钓竿探索着水中的鱼群。每次看到眼前这些盐柱都让人回想起5年前的惨剧。","灵灾之时，坠落的卫月碎片贯穿了沙滩的地脉，使得大量的以太喷出形成偏属性水晶。也因此使得海水中的盐分结晶化，形成了巨大的盐柱。",81451,true
2162694,4876921,22,500,759,31,81509,81009,"赤血雄鸡农场的田地","某位农夫所见的风景。农夫每天都要起得很早，每天早起之后都有一项必做的事：站在大门之上，望向晨雾中的田地。虽然简单却能振奋一天的心情。","由一名园艺工建立的实验农场。这里不仅栽培农作物，也会饲养一些渡渡鸟和羊羔之类的家禽和家畜。农场的名字也颇有来历，当初人们为了取乐而让白鸡和红鸡相斗，可最终却由于斗争惨烈而使两只鸡浑身上下都染成了血红色。",81451,true
2162695,4876926,22,500,759,33,81513,81013,"酿酒师灯塔","某位灯塔看守人所见的风景。蓝色的天空，蓝色的大海。引导船只的灯光熄灭之后，喝上一大口小麦酒，放眼张望辽阔的大海，简直人生一大乐事。","在雨燕塔坍塌之后，人们建造了这座新的灯塔来指引航船。因为这里主要指引的是出入小麦酒港的船只，所以人们给其冠上了酿酒师的名号。在灯塔上可以一览为警戒水神利维亚桑海啸而设置的缓冲带。",81451,true
2162696,4868036,22,1200,1659,51,81552,81052,"制革匠行会","某位制革匠所见的风景。小的时候经常在行会内寻找特别的立足点，能够居高临下俯视工匠的工作也别有一番乐趣。尤其是在阴天的午后，屋子高处的风稍微有些凉飕飕的。","格里达尼亚的制革匠在整个艾欧泽亚都颇有名气，他们组成的工作室每天都在沉迷于对森林的恩惠进行加工。飞·乌尔工作室是其中尤为著名的一家工作室，技术不够的行会成员甚至没有资格冠上这个品牌，他们提供的商品一直都是供不应求。",81452,true
2162697,4876928,22,1800,459,51,81553,81053,"碧企鹅瀑布","某个少年所见的风景。小瀑布的潺潺流水最能引起少年的兴趣。在假装睡了之后偷偷从家中溜出来，经过别人都不知道的秘密路线登到大人都无法触及的高点，成就感油然而生。","据说很久以前，人们在这个活水涌流形成的小瀑布试养过碧企鹅这种鸟类，瀑布的名字也由此而来。第六星历末期，贤者路易索瓦造访格里达尼亚时喜欢来此进行思索，也让这里更加有名。",81452,true
2162698,4877070,52,1200,1659,54,81555,81055,"弯枝牧场","某个牧童所见的风景。气球上的莫古力仿佛很享受阳光的照射。这样的天气实在是让人想要坐下休息片刻啊。","由“莫古力礼峰”经营的牧场，致力于让陆行鸟能够安定地进行繁殖，为此还专门从该项手艺的发源地伊修加德招来了饲养员。印有莫古力图案的气球是这里最显著的标志。",81452,true
2162699,4877071,58,800,1159,55,81560,81060,"十二神大圣堂","某位园艺工所见的风景。阳光下的泉水闪闪发光，庭院中充满了庄严的感觉。在如此环境下，相信即使是毫无信仰的人，也会诚心献上一份祈祷吧。","在大冰雪时代之后，人们饱受饥饿和病痛的折磨，这座大圣堂就是当时的人们希冀得到所有十二神的加护而建造的。在第七灵灾后的困难时代，为了再次得到神的加护，格里达尼亚的人民们对这里进行了修缮。",81452,true
2162700,4877072,22,1800,459,55,81561,81061,"妖精暂留地","某位博物学家所见的风景。为了更多了解妖精族在空中飞行时是什么样的感受而爬到了树屋的屋顶上。映入眼中的，则是黑暗中的灯火通明。","在妖精族内部也并没有对召唤雷神拉姆达成一致，暂留地的妖精们就是反对召唤的一派，他们离开了妖精领，来到这附近搭建起了一个暂时居住的村落。这里的住房是植物的枝叶和果实被施加了魔法后变化而成的，悬挂于树木之上，造型非常奇妙。因为妖精族可以飞行，所以房屋上完全没有设立梯子。",81452,true
2162701,4877073,31,500,759,39,81601,81101,"御道","某位近卫骑士所见的景色。漫长的夜巡结束了，回到三块银板上与同僚敬礼交接。天色渐明，该回宿舍去好好睡一觉了。","乌尔达哈政府层的步行道。通向皇宫正门的这条道路上，有近卫兵团“银胄团”的骑士看守在两侧。在王权强大的时期，路上聚满了为拜见王族而来的民众。可现今，这条路也不过就是富裕阶层的人拿来散步用的道路罢了。",81453,true
2162702,4877074,22,1200,1659,39,81602,81102,"黄金广场","某位杂技演员所见的景色。小气的市民不见到腾云驾雾的真功夫是不会投钱的，华丽地跳上通风庭院东侧的路灯上，俯视这些来往的家伙们吧。","黄金广场在乌尔达哈的中心部，广场中间配有喷水池，广大市民都可以在这里乘凉歇息。虽然黄金广场曾是王族舞会专用的场所，可是近年来国家经济困难难以维护，所以广场的管理权也就移交给了普通市民。",81453,true
2162703,4877077,22,1800,459,42,81603,81103,"贸易城邦乌尔达哈","某位冒险者所见的风景。站在丰饶神井的篷子上遥望沙之都，天上的星光与城中的灯光遥相呼应，真不愧于“荒野的宝石”这一美名。","屹立在荒凉沙漠萨纳兰的贸易城邦。高大的城墙内，无数圆形屋顶的建筑物坐落其中。这个光景曾治愈过无数旅途劳累的旅行者。城市因贸易的缘故非常富裕，因此享有“荒野的宝石”这一美名。",81453,true
2162704,4877078,22,800,1159,43,81606,81106,"希拉狄哈遗迹","某位冒险者所见的风景。满天浓雾干扰了前行的路线，一不小心从悬崖上跌落，出现在眼前的竟然是昔日王国的废墟，真是令人胆战心惊。","古都希拉狄哈的遗迹。约400年前，这座城市因败北于乌尔达哈而灭亡，时过百年，已被埋入沙中。乌尔达哈迁都之后，与埋在沙中的希拉狄哈有一部分重叠。",81453,true
2162705,4877079,9,1700,1759,44,81609,81109,"古菩猩猩的遗骸","某位园艺工所见的风景。慈悲的雨水降临到干涸的大地之上，令美丽的鲜花重新盛开。这一定是在慰藉这头生物的遗骸吧。","被有很多罕见花草所簇拥的古菩猩猩遗骸。在灵灾之时，陷入恐慌的古菩猩猩从库尔札斯山上跑了下来，在穿过黑衣森林的时候，粘上了很多奇花异草的种子，然后在这里筋疲力竭。",81453,true
2162706,4877081,22,800,1159,44,81610,81110,"消逝王都","某位冒险者所见的风景。讨伐任务结束后，站在已经倒塌的建筑物上向上望去，低垂的云层下，古老的废墟依旧挺立在岩石后面。","火墙周边的地面因为卫月碎片的坠落而产生了巨大的裂痕。在裂痕之下显露出的是壮丽的遗迹。经研究表明，这里很可能是贝拉哈迪亚后期塔塔梅夫一世的墓地。",81453,true
2162707,4877082,58,500,759,44,81611,81111,"跨天桥","某位商人所见的景色，从沙之都走向森之都的路，途中在石桥停泊一晚，第二天清晨所见的古老王像庄重而威严。","跨天桥是萨纳兰与黑衣森林相互往来用的石桥。作为格里达尼亚重要的贸易道路，由铜刃团兰花联队旗下的防御部队驻守。另外，这里对调查消逝王都的学者们来说也是重要的地点。",81453,true
2162708,4877083,22,1200,1659,30,81506,81006,"轻声谷","听某位农夫所说的传闻。举办酒宴的好地方，飞溅的水花闪着晶莹的光芒，即使在阳光下也令人感到清凉舒爽。","在源自奥·哥摩罗的尼姆河常年的侵蚀下形成的溪谷。无数细小的瀑布与潺潺流水共同演奏出清澈的交响乐。由于溪谷遮蔽了阳光，所以这里成为了酒宴避暑的好地方，也因此受当地人喜爱。",81451,false
2162709,4877084,22,500,759,30,81507,81007,"盛夏农庄","从酒馆听到的传闻。海贼们虽然放弃了原本的行当，可是一沾酒就又会回到从前那种动手打架的样子，这时候还是登上坡道看戏比较好。","依照梅尔维布提督推行的迁入政策而开发的村落。目前由一些金盆洗手的海盗和资深农夫协力开拓。依靠无赖川丰富的水资源恩惠，使得拉诺西亚香橙的栽培取得了很大成功。",81451,false
2162710,4877085,22,1200,1659,31,81510,81010,"灰舰风车群","听某位商人所说的传闻。原本是为了避雨而躲在了小屋里，可是蛮族却突然出现了，没办法只好慌慌张张地跑到房顶上伺机逃跑。","这里的风车主要用来研磨赤血雄鸡农场的小麦和对羊毛进行缩绒。风车的扇叶都是利用的帆布，远远看去给人一种舰队的感觉。",81451,false
2162711,4877087,50,800,1159,32,81511,81011,"隐秘瀑布","听某位女性所说的传闻。坐在椅子上的客人的视线甚至比天上的太阳更加火热。","由永恒川的流水形成的瀑布。富豪格格鲁玖在瀑布潭所在的海岸准备了住宿设施，用来接待贵宾。或许还有专属的舞女进行的特别招待。",81451,false
2162712,4877088,22,1800,459,32,81512,81012,"白鸥塔","听某位佣兵所说的传闻。雨天的时候视野很不好，所以为了警惕来自大海的威胁，一定要站到高处进行监视。","由拉诺西亚特有的白色火山岩建成的小塔。既能够作为灯塔，提示靠近的船只已航行到深度较浅的海域；同时也能够作为监视塔，监视着鱼人族以及海盗的动向。塔的周围栖息着大量白色海鸥，白鸥塔因此得名。",81451,false
2162713,4877089,58,1700,1759,33,81514,81014,"小麦酒港的利姆莱茵像","听某位酿造师所说的传闻。载满酒桶的船只总是会慢悠悠地驶出港口。而送行的人们则会对美丽的女神献上祈祷。","对于长期航海的船只来说，小麦酒港是补充必要物资的重要海港。在其中心部，竖立着航海女神利姆莱茵的雕像。这座由鲁加族著名雕刻家雕刻而成的美丽女神像，至今仍在守护着出行的航船。",81451,false
2162714,4877090,22,1800,459,33,81515,81015,"船舶墓场","听某位灯塔看守所说的传闻。散乱的漂浮物总是散发着令人毛骨悚然的气息。太阳落山之后千万不要到那里去。","在海上遇难的船只随着洋流漂到了这里，久而久之便成为了遇难船沉眠的墓场。根据当地人的传言，很多船都是受到传说中的魔物“塞壬”的魅惑而遇难的。",81451,false
2162715,4877091,22,800,1159,33,81516,81016,"骷髅谷营地","从酒馆听到的传闻。为了保持警戒，防卫据点总是会选在视野良好的地方，不过一般人很少有勇气走进去。","黑涡团的军事据点。起初为了警告南下的地灵族，曾将地灵族头骨排列在山谷间，因而命名骷髅谷。如今，骷髅谷营地则是作为防御二分石地一带的鱼人族的重要据点，发挥着无可替代的作用。",81451,false
2162716,4877092,22,1200,1659,33,81517,81017,"南北防波堤","从酒馆听到的传闻。为了寻找重要的设备而爬到了篷子顶上，没想到意外地还挺结实。","黑涡团的防御壁。建造在被鱼人族占领的二分石地与骷髅谷的边界间。因为鱼人族的攻势经常被比做“海浪”，所以这座高大的墙壁也就得到了防波堤的名字。现在的防波堤仍然在坚守其职责，抵挡着鱼人族一波又一波的猛攻。",81451,false
2162717,4877099,22,1700,1759,34,81518,81018,"石绿湖营地","从酒馆听到的传闻。泡澡泡晕了的时候，出来到高处吹吹凉风会有些缓解的效果。而且吹风的时候能够看到的景色也是人间绝品。","受到灵灾的影响，石绿湖水位大幅下降，原本潜藏在湖底的古代尼姆遗迹也得以重见天日。人们见有温水涌出，于是将这里建设成了面向伤兵的温泉疗养地。同时也建起了面向一般人的温酒疗养院。",81451,false
2162718,4877101,22,1200,1659,34,81519,81019,"撒拉奥斯的遗骸","听某位博物学家所说的传闻。要感受其辉煌的过去，一定要在晴朗的日子攀到其身躯的最高处。","露出地表的巨大古代生物化石。与曾经女神利姆莱茵解放的海蛇撒拉奥斯有渊源，所以被称作撒拉奥斯的遗骸。另外，在这附近发现的海洋生物化石，也揭示了这座岛屿曾经处于海底深处。",81451,false
2162719,4877103,22,1800,459,34,81520,81020,"吉吉卢恩交易站","从酒馆听到的传闻。为了躲避魔贝的追赶，爬到了彻夜发光的灯上。可是等到准备下来的时候却需要相当的勇气。","卢恩族的商人吉吉卢恩经营的交易站。与他的兄弟梅梅卢恩经营的交易站是竞争关系。至于为什么要在人烟稀少的地方开店，那就不得而知了。",81451,false
2162720,4877105,22,1800,459,350,81521,81021,"尼姆浮游遗迹","听某位冒险者所说的传闻。漂浮在空中的神秘遗迹令人难以忘怀，水晶所发出光辉犹如地上的繁星。","古代尼姆城邦的遗迹。在第五星历时代，尼姆文明曾在威尔布兰德岛繁荣一时。由于地脉的以太偏属性水晶化，导致风属性的力量强化，使得一部分遗迹漂浮起来。这个景观可以说是如梦似幻。",81451,false
2162721,4877106,22,500,759,350,81522,81022,"瞭望阵营地","从酒馆听到的传闻。为了防备运输路线上的意外，可以躲在墙上那些植物中进行监视。","在拉诺西亚外地设立的黑涡团营地。由海盗兵组成的“红燕陆战队”镇守于此，在高台上时刻监视着地灵族的动向。同时，从这里向南望去，尼姆时代的“放浪神古神殿”遗迹风光也尽收眼底。",81451,false
2162722,4877107,22,1200,1659,350,81523,81023,"武伽玛罗武装矿山","听某位士兵所说的传闻。白天对敌人据点发动强袭作战时，他登上了最高的熔炉，给了敌人一个下马威。","地灵族开拓的武装矿山。周边有丰富的硫磺资源，渗出的地下水和工业废水相互交融，形成了独特的光景。凭借人口剧增带来的劳动力增加，使得扩张作业稳步进行。",81451,false
2162723,4877108,52,1800,459,350,81524,81024,"隐者庵","听某位冒险者所说的传闻。一个不喜欢他人的怪人总是不在自己的房子里。即使随便进去坐坐也没问题。","遥望着北方奥·哥摩罗山的山间小屋。由于火山地带温泉丰富，主人在房屋边上还做出了一个天然的温泉浴池。不过小屋的主人几乎很少在家，可能是个喜欢在外面漂泊的人吧。",81451,false
2162724,4877111,22,800,1159,51,81551,81051,"魔女咖啡馆和大水车","从酒馆听到的传闻。在为离开的人送行之时，让人印象最深的便是壮大的水车在不断地回转。","魔女咖啡馆的名字据说是得自一种叫做魔女草的植物。在这家咖啡馆的旁边就是全艾欧泽亚最大的木造水车——“斐加加大水车”。这座水车向刻木匠行会的工房输送动力，回转起来会发出很有韵律的声音。",81452,false
2162725,4868037,22,500,759,51,81554,81054,"枪术师行会","听某位卫兵所说的传闻。因为有人告诉他可以去偷学一些技巧，于是他便找了一个自认为的最佳位置，可是却被训斥了。","枪术师行会是由著名枪术师米斯塔尔所创设。维持格里达尼亚治安的鬼哭队现在也驻扎在这里，在道场里可以看到鬼哭队士兵和枪术师行会的成员们一起努力练习的场景。",81452,false
2162726,4877112,22,500,759,54,81556,81056,"烤饼练兵所","听某位卫兵所说的传闻。要找到不见了的部下其实很简单，跑到残桩的最高处往下看就可以了。","双蛇党为训练新兵而设立的练兵所。这里的训练场设立在黑衣森林独有的巨大树木“天柱树”的树桩上。树桩的切面很像是扁平的圆形烤饼，练兵所也因此得到了这个奇妙的名字。",81452,false
2162727,4877113,22,1800,459,54,81557,81057,"静语庄园","听某位冒险者所说的传闻。被妖异所追赶拼命逃跑，等回过神来时已经身处一棵大树的树根上了。回头看去，从窗户中映出的灯光令人毛骨悚然。","原本是幻术皇的御用宅邸。二代以前的幻术皇认为这里过于奢华而决定搬出，之后这里就被交给了名门达尔坦库尔家。静语庄园中“静语”一词指的是人类和元灵之间那种不用语言的交流方式。",81452,false
2162728,4877163,22,1200,1659,54,81558,81058,"长老树","听某位幻术师所说的传闻。天气晴朗的日子里，为了倾听元灵的声音，他会走入森林深处一棵巨大的古树下面。","黑衣森林中最为年长的古树。据格里达尼亚的法师们介绍，森林大元灵就是栖息在这棵大树之中。由于树龄已经超过了一千年，所以人们对这棵树的果实也十分重视，将其命名为“千年果实”。",81452,false
2162729,4877165,22,1100,1359,54,81559,81059,"虹桥瀑布","听某位幻术师所说的传闻。流水与阳光所交织成的幻想之桥，那是人类与元灵紧密融合的证据。","流淌在黑衣森林中的东叶脉水流形成的瀑布。在阳光的照射下会映现出美丽的彩虹，于是当地人便亲切地给了这个瀑布一个“虹桥”的爱称。穿过瀑布的洞窟可以到达“再生的残桩”。",81452,false
2162730,4878703,22,1800,459,55,81562,81062,"摇篮树","某位博物学家所见的风景。即使种族不同，保护后代延续生命的意志是共通的，在那些光芒里蕴含着这个种族的未来。","妖精的种子需要在被称作“摇篮”的茧里进行成长，而能够孕育出“摇篮”的则只有这棵大树。没有这棵树，妖精族就无法繁衍，这棵树的重要性由此可见一斑。周围生长的月芽可以发出淡淡的如同月光一般的光，仿佛是在守护着这棵大树。",81452,false
2162731,4878736,22,800,1159,56,81563,81063,"巴斯卡隆酒家","听某个醉汉所说的传闻。醉酒后的第二天，醒来时发现自己被丢在了暴雨之中。可是无论如何都想不起来到底是怎么到这里来的了。","曾经当过哨兵的巴斯卡隆经营的酒馆。因为巴斯卡隆胸怀宽大，不论是冒险者还是驻扎在附近的不法之徒，都能在这里相安无事地对饮。这家酒馆已经成为了某种意义上的避风塘，在这里没有纷争。",81452,false
2162732,4878759,22,800,1159,56,81564,81064,"森南飞艇坪","从酒馆听到的传闻。那些抛弃了这个设施的家伙一定想不到这里居然会变成现在的样子。","高风飞行社建设的货运飞艇坪。不过在帝国军入侵后，由于空中的安全问题无法得到保障，这里便被关闭了。现在已经成为了当地的偷猎者们交易货品的黑市所在地。",81452,false
2162733,4878763,22,1200,1659,56,81565,81065,"兀尔德恩惠地","听某位幻术师所说的传闻。神圣的森林中，有一个角落会发出淡淡的光芒，时隐时现的雾气使那里的气氛变得更加神秘。","蕴含着丰富以太的清澈泉眼。据圣典中记载，圣女兀尔德被恶神奥丁斩杀于此，此处因此被称为“兀尔德恩惠地”，但这个传说的真实性无从考证。",81452,false
2162734,4878764,22,500,759,56,81566,81066,"石场水车","听某位猎人所说的传闻。山好水好不如自己的家好。除掉烟囱口的灰尘时向下一望，这才是令人感到温馨的家园。","南部林区中的辅城，在当初建设森之都格里达尼亚时，这里曾经是加工石材的水车场。现如今已经不再经营这项行业，变为了森林猎人们所聚集的场所。",81452,false
2162735,4878773,22,1200,1659,57,81567,81067,"鸟人军采伐所","听某位哨兵所说的传闻。他总能听到森林里传来这样的怒号：“砍下来的木材是用来生活的，不是用来跳到尖上去玩的。”","侵入黑衣森林的鸟人族采伐部队砍伐树木的场所。鸟人族从他们在塞尔法特尔溪谷的根据地派出装甲气球，经由库尔札斯的风扬殖民地前来此地搬运木材。",81452,false
2162736,4878784,22,1800,459,57,81568,81068,"陨石背阴地","听某位卫兵所说的传闻。月牙形的异物刺向天空。压倒一切的存在感令所有人都为之震撼。","在第七灵灾之时，卫月中封印古代蛮神的拘束具掉落在了这里。这些巨大的圆环能够抑制蛮神的力量，将那黑色的蛮神封印了诸多个世纪。可是现在，我们只能看到破损后的遗骸了。",81452,false
2162737,4878790,22,800,1159,57,81569,81069,"桤木泉","听某位开山工所说的传闻。每前进一步都需要莫大的勇气，沿着树根走到极限的尽头，会有一番新的感悟。","这里过去是一片与“桤木泉”这个名字相符的、生长有无数桤木的繁茂森林，但第七灵灾让这里发生了巨大的变化。卫月的碎片坠落在这里，巨大的冲击给大地造成的创伤至今仍未恢复。",81452,false
2162738,4879319,22,1700,1759,42,81604,81104,"帝国海上基地","听某位士兵所说的传闻。在侦查的途中，偶然从高处看到了夕阳中的补给基地，那种感受令人浑身发冷。","建造在罗塔诺海上的帝国海上基地，是加雷马帝国的物资中转基地，用于进行海上补给。由帝国第十四军团的第十步兵大队驻守。",81453,false
2162739,4879321,27,1200,1659,42,81605,81105,"黄昏湾的罗罗力特像","从酒馆听到的传闻。只有比富豪更有钱的大富豪才能做出这种事。虽说可能会对财运有所帮助吧。","黄昏湾是乌尔达哈的海上关口。中央广场的铜像，是按照阿尔迪纳德商会的罗罗力特会长的形象建造的。虽然罗罗力特对港口投入了大量资金进行建设这点很让人称道，不过还是有些人认为这座雕像的容貌有些过度美化了。",81453,false
2162740,4879611,22,1800,459,43,81607,81107,"黑尘驿站","听某位铁道员所说的传闻。检修设备很是辛苦，经常要半夜三更爬到高处去检查小小的地方。","原本是铜刃团的驻地，因艾玛吉娜矿山公司建设铁道的关系，在这里增设了驿站的功能。为了炼制采掘出来的矿石，这里设置了最新的高热炉，为乌尔达哈经济建设作出了巨大的贡献。",81453,false
2162741,4879612,50,1200,1659,43,81608,81108,"纳尔之门","从酒馆听到的传闻。既没有工作也没有钱，甚至连酒都喝不起，只能无所事事地度日，在布蓬上面看看荒野的风景。","乌尔达哈的主门之一。得名自掌管生者世界的纳尔神。由于乌尔达哈是一座贸易城邦，所以主门建设得特别宽大，能够允许两辆载满商品的陆行鸟篷车并行通过。",81453,false
2162742,4879625,22,1200,1659,44,81612,81112,"火墙","从酒馆听到的传闻。想要看到举世无双的美景，就一定要到水晶上面眺望。","卫月坠落时的碎片贯穿了大地，使得地脉中的以太大量流出。这些以太结晶化，形成火炎形状的偏属性水晶。这可以说是第七灵灾带来的壮烈景观之一。",81453,false
2162743,4879626,22,800,1159,44,81613,81113,"黄金集市","听某位采矿工所说的传闻。越是偏僻的角落，就越有一劳永逸的可能。在日晒三竿的时候，爬到高高的栏杆上，寻找新的矿脉。","乌尔达哈的辅城。曾经作为贸易中转地非常热闹，后因与东方贸易的中断，导致这里变得非常冷清。传闻周边一带有着品质优良的秘银矿床，人们也很期待通过矿业能够振兴这里。",81453,false
2162744,4879627,58,1800,459,44,81614,81114,"札尔神祠","听某位圣职者所说的传闻。只需静静地祈祷，便可获得来生的利益。如暴雨般的忏悔之泪定能挽救人的灵魂。","供奉双子神中的札尔神的神祠。札尔掌管着死后的世界，向其上供可以保佑来生的财富。为了进行节食祈祷，这里还设有纳尔札尔教团祈祷时用的设施。过去曾有很多前来巡礼参拜的人，可是近些年来人数下降了不少。",81453,false
2162745,4879628,58,500,759,45,81615,81115,"纳尔神祠","听某位圣职者所说的传闻。只有隆重地祈祷，才能获得现世的利益。向在雾中彷徨的灵魂进行布施，便能够拯救他们吧。","供奉双子神中的纳尔神的神祠。由于纳尔所掌管的是现世的利益，所以人们都认为诚心参拜后会有好事发生在自己身上。可是富裕阶层的人仅仅靠购买密尔瓦内斯礼拜堂贩卖的护身符即可满足，所以几乎没有人来参拜神祠。",81453,false
2162746,4879629,22,500,759,45,81616,81116,"不悔战阵","听某位士兵所说的传闻。荒野的风甚至能够切割岩石。风化的岩柱之上是专注监视敌军战阵的好位置。","蜥蜴人军的战阵。名字中的“不悔”表明了蜥蜴人战士永不退却的精神。他们把蛮神伊弗利特焚烧过的南萨纳兰赞拉克地区当做圣地。在历史上，蜥蜴人族和乌尔达哈也有过很多冲突。",81453,false
2162747,4879630,22,1200,1659,45,81617,81117,"工艺神击","听某位采矿工所说的传闻。虽然强烈的日照与高热的地面会让人很快便精疲力竭，但是古代亚拉戈遗迹的吸引力，就犹如宝山一样会令人无法自拔。","艾玛吉娜矿山公司为了从沙漠之中挖掘出古亚拉戈时代遗迹而设置的大型挖掘机。原本是希望这台机器能够像工艺神的大锤一样打出无比强悍的一击，可惜由于耐热性不是很好，总是会出现这样那样的问题。",81453,false
2162748,4879631,22,1200,1659,45,81618,81118,"喀恩埋没圣堂","从酒馆听到的传闻。想要研究当年的构造时，通过倾斜的墙面登上高处会比较快。","古代贝拉哈迪亚城邦时代的遗迹。这里曾是贝拉哈迪亚祭拜太阳女神阿泽玛的神殿，历代国王为了展示自己的权利，曾多次改造神殿。",81453,false
2162749,4879632,30,500,759,45,81619,81119,"牛魔里程","听某位士兵所说的传闻。在因为一点点热浪就停止训练的都是蠢货。真正的男子汉，要将坚韧的毅力和刚强的肉体结合到一起。","为了对抗东阿尔迪纳德商会的庞大资本，中小规模的旅行商人们组成了一个名为“商队互助会”的组织，这里便是组织交易所之一。此处交易所建立在第七灵灾之后，是为了与危险的撒沟厉沙漠方面进行贸易而专门建立的。",81453,false
2162750,4879633,31,500,759,46,81620,81120,"东侧监视塔","听某位士兵所说的传闻。站岗时最大的敌人便是自己的睡意。当头脑有些不清醒时，走到旗帜的尖端敬一次礼，睡意应该就会消散了。","用于监视帝国南方堡的监视塔。帝国南方堡由加雷马帝国第十四军团建造，是确保魔导兵器燃料资源供应的采掘据点。恒辉队驻守此监视塔，不分日夜地监视着采掘据点的状况。",81453,false
2162751,4879634,22,1800,459,46,81621,81121,"青磷水输送管","听某位士兵所说的传闻。整备格子铁门非常花时间，晴天的时候视野还好说，可是一旦不小心将铁门放了下去就会出大事了。","向精炼所输送青磷水的管道。现在在艾欧泽亚需要利用青磷水的装置越来越多，从飞空艇到各种机械，燃料的需求量明显增大。为此艾玛吉娜矿山公司也花费了巨资来增加设备。",81453,false
2162752,4879635,22,1200,1659,46,81622,81122,"蓝雾","听某位工作员所说的传闻。即使到现在也没有适应那种蓝色的雾气，不过雾散天晴的时候，翘掉工作到高处遥望溪谷真的是一种不错的享受。","北萨纳兰的溪谷地带是在艾欧泽亚数一数二的青磷水储存地。在获取青磷水的时候产生的气体，使得周边被蓝雾笼罩，也因此成为了此地的景点。",81453,false
2162753,4879636,22,800,1159,46,81623,81123,"劳班缓冲地","听某位士兵所说的传闻。即使云层密布之时，卫月的爪痕也依旧摄人心魄。站岗放哨时一定要针对那里仔细检查。","趁着第七灵灾混乱之际，帝国军向北萨纳兰发起了进攻，然而恒辉队的劳班局长却在战力处于劣势的状况下依旧奋战到底，终于成功守住了青磷精炼所。战后，两阵营之间的中间地带便被称作劳班缓冲地。",81453,false
2162754,4879637,22,1800,459,46,81624,81124,"艾玛吉娜秘银废矿","听某位冒险者所说的传闻。之前曾被一群可疑的家伙抓到过，后来在大雾的掩护下，通过围栏柱子坏掉的地方逃了出来。","在20年前左右被放弃的废矿。这里的秘银矿脉曾经非常丰富，是为艾玛吉娜矿山公司带来“秘银热”的重要舞台，可惜后来矿脉逐渐枯竭，最终被放弃了。现在，这里则变成了邪教集团“最后之民”的秘密基地。",81453,false
2162755,4879638,22,1700,1759,63,81651,81151,"剑峰","听某位技术工所说的传闻。整备作业经常要忙到太阳落山，完全没有欣赏周围景色的空闲。","矗立于库尔札斯中央高地的高峰。据正教的圣典记载，战争女神哈罗妮挥剑刺入天空，从而将天界与地面彻底隔离。不过由于卫月的碎片刺入了山间，使得这把利剑的剑刃有些变形了。",81454,false
2162756,4879639,22,1800,459,63,81652,81152,"阿德内尔占星台","从酒馆听到的传闻。一不小心从高处掉了下来，本以为死定了，却被吊灯救了一条命，真是九死一生。","配备有全艾欧泽亚最大天体望远镜的占星台。在观测天体运动的同时也承担着预测龙族动向的工作。据说占星台的名字来源于伊修加德历史上最伟大的占星学家。",81454,false
2162757,4879640,22,800,1159,63,81653,81153,"龙族遗骸","听某位骑兵所说的传闻。每次看到那条尸体时，无论天气多么寒冷，都会立刻想到用弩炮贯穿巨龙的瞬间，顿时就会热血沸腾了。","被白云崖前哨的对龙弩炮打下的龙族的遗骸。在库尔札斯的严寒气候中结冰，基本没有腐烂。远远看去还以为是一只龙在雪中沉睡。",81454,false
2162758,4879641,22,500,759,63,81654,81154,"皇都伊修加德","听某位骑兵所说的传闻。故乡的城堡耸立在苍天之下，遥遥望去，心头的信念会变得更加坚定，无论前方的战斗多么严峻，我们也不能舍弃保家卫国的决心。","伊修加德是一座宗教城邦。为了防范龙族的袭击，城墙不但分为多个等级，上面还布有多重魔法屏障，同时成群的高耸尖塔上都设有对龙弩炮。因为伊修加德正教的教皇居住于此，所以此地也被称为皇都。",81454,false
2162759,4879642,22,1700,1759,63,81655,81155,"巨石丘","听某位骑兵所说的传闻。就算是巨大无比的赤色岩石，在这里也能看到其完整的全貌。","剑锋山麓的广阔山丘，过去有很多巨大的岩石点缀于此，因此得名“巨石丘”。灵灾之后，原本覆盖于卫月外壳上的暗物质附着在这片山丘上，形成了一种新的奇妙岩石。",81454,false
2162760,4879643,22,1800,459,63,81656,81156,"战争神秘石","听某位骑兵所说的传闻。站在神圣的秘石之前能够感受到来自天空的视线。浑身都会紧张得无法自控。","显现出战争神哈罗妮的神印的神圣之石。对尊崇哈罗妮为主神的伊修加德正教来说，这块秘石所在的洞穴是重要的圣地。因此，他们在这里建造了秘石塔，严加看守。",81454,false
2162761,4879644,22,800,1159,63,81657,81157,"披雪大冰壁","听某位调查员所说的传闻。可能只有留在这边的人才会认为那里是西方的尽头吧。即使是晴朗的日光，也无法令冻结的泪水融化。","第七灵灾引发的属性变动，使得库尔札斯地区以异常的速度变成了冰天雪地。仅仅5年的时间，奔流江和双子池的水便被冰结，形成了擎天的大冰壁。同时通往库尔札斯西部的陆路也被隔断了。",81454,false
2162762,4879645,22,1200,1659,63,81658,81158,"巨龙首营地","听某位骑兵所说的传闻。每次上屋顶除雪都是重体力劳动，不过视野开阔倒是很不错的回报。让白色的屋顶变回原本的绿色是我们持续不断的任务。","守卫皇都伊修加德的据点。名门福尔唐家的骑兵团驻守于此，对龙族和异端者、还有来自东方的入侵者鸟人族保持着警戒。据点的名字来自于附近的一块酷似龙头的巨大岩石。",81454,false
2162763,4879646,22,500,759,63,81659,81159,"钢卫塔","从酒馆听到的传闻。想要知道钢卫塔的情况，需要从塔的下方小心翼翼地观察。","对龙城塞，但现在已被破坏。这座塔原本和西方的石卫塔遥相呼应，共同构成了伊修加德的防卫双壁。但在黄龙斯瓦拉率领的龙族攻势下化作了一片废墟，现在只留下了一部分的外墙。",81454,false
2162764,4879647,22,1200,1659,67,81701,81201,"帝国中央堡","听某位逃兵所说的传闻。基地的内部设有转运站，每天都能看到很多物资进进出出。","加雷马帝国军的资源采掘据点。当初奈尔率领第七军团在这里建立起了帝国军新堡，灵灾之后新堡被第十四军团改造成了现在的中央堡。在基地内部还铺有运送矿石的铁路，以及“魔列车”的停车场。",81455,false
2162765,4879648,22,1800,459,67,81702,81202,"水晶塔","听某位冒险者所说的传闻。从草木都结晶化了的地方，能够看到一座水晶组成的擎天柱。","在第七灵灾中突然出现在地表上的水晶巨塔。根据学术组织圣寇伊纳克财团的调查，这座塔本来是古代亚拉戈文明制造的能量收集装置，曾被称作“希尔科斯塔”。",81455,false
2162766,4879649,22,1200,1659,67,81703,81203,"早霜顶","听某位冒险者所说的传闻。大规模结晶化现象使得这片地区变成了青蓝色。站到水晶上的视野非常不错。","飞空战舰阿格里俄斯号的坠落导致这片地区出现了大规模的结晶化现象。甚至草木都变成了结晶的形态，在这里行走会听到脚下传来的咔嚓咔嚓声，仿佛走在寒霜之上。",81455,false
2162767,4879650,50,1700,1759,67,81704,81204,"密约之塔","从酒馆听到的传闻。阿格里俄斯号很值得一看，不过湖边很危险，爬到树上才能够安心眺望。","加雷马帝国军的飞空战舰阿格里俄斯号坠落于此，舰首向下没入了湖中，宛如一尊巨塔。古时起就守护着银泪湖的尘世幻龙的尸体则缠在这艘战舰上面。",81455,false
2162768,5927558,22,0,0,0,81751,81251,"隼巢","位于库尔札斯西部高地的某处。
放眼望去，所见之景将被后世传颂。
","位于库尔札斯西部高地的由哨兵的营房发展而来的山村。因第七灵灾后气候极具变冷导致多数居民被冻死，伤亡惨重。曾经为了戒备龙族袭击，村中有驯鹰人常驻并饲养了许多白隼，村名由此而来。",81454,false
2162769,5927559,22,0,0,0,81752,81252,"交汇河营地","位于库尔札斯西部高地的某处。
放眼望去，所见之景将被后世传颂。
","伊修加德的骑兵团曾经驻扎的露营地。曾经是配备了以太之光的据点，但灵灾后被废弃了。因坐落于库尔札斯河和奔流江的交汇处，名字中也体现了河流交汇之处的意思。",81454,false
2162770,5927560,22,0,0,0,81753,81253,"卧龙岛","位于库尔札斯西部高地的某处。
放眼望去，所见之景将被后世传颂。
","坐落在已冻结成冰的灰烬池上的岛屿。传说为了镇压强大的龙族，教皇厅的法术团用魔法将其催眠，不知何时其周身被灰烬覆盖化作岩石，最终成为了一座岛屿。",81454,false
2162771,5927561,22,0,0,0,81754,81254,"暮卫塔","位于库尔札斯西部高地的某处。
放眼望去，所见之景将被后世传颂。
","伊修加德的对龙要塞暮卫塔。尤埃尔默里克指挥官曾率领狄兰达尔家的骑兵团在此驻扎，但在灵灾时城墙的一部分崩塌了。之后因气候极具变冷导致暮卫塔被冰封锁，如今已经成为了魔物的巢穴。",81454,false
2162772,5927562,22,0,0,0,81755,81255,"戈尔加涅牧场","位于库尔札斯西部高地的某处。
放眼望去，所见之景将被后世传颂。
","侍奉于狄兰达尔家的骑士戈尔加涅建造的牧场。据说他作为狄兰达尔家长男的武术老师为培养爱徒倾注了心血，在爱徒失踪后万念俱灰决定引退，之后建造了这座牧场。",81454,false
2162773,5959933,22,0,0,0,81756,81256,"铁杉村","位于库尔札斯西部高地的某处。
放眼望去，所见之景将被后世传颂。
","位于库尔札斯西部高地的废村。从前是以周边林业为生的樵夫们居住的村落，灵灾后因气候极具变冷而人去楼空。“铁杉村”的村名源于此地区特有的铁杉。",81454,false
2162774,5959936,22,0,0,0,81757,81257,"大脚雪人居所","位于库尔札斯西部高地的某处。
放眼望去，所见之景将被后世传颂。
","大脚雪人的居所。由于漏斗形的山崖可以抵御寒风侵袭，大脚雪人便自然而然地聚集到了这里。不过似乎至今还没有强大的头领出现，虽然聚集在一起但并不团结，依旧保持个体的自由行动。",81454,false
2162775,5927563,22,0,0,0,81801,81301,"唯一脑窟穴","位于龙堡参天高地的某处。
放眼望去，所见之景将被后世传颂。","优秀的狩猎民族骨颌族居住的村落。其中遍布由分泌液与土的混合物建造而成的像是蚁穴的房屋。据说建筑物中焚烧了特殊的香草，从烟囱中飘出的烟有驱赶龙族的效果。",81456,false
2162776,5927564,22,0,0,0,81802,81302,"不洁村落","位于龙堡参天高地的某处。
放眼望去，所见之景将被后世传颂。","疑似城市的遗迹。伊修加德教皇厅称这是异端者势力建造的不洁村落，毁灭于战神哈罗妮降下的神罚。至于事实是否如教皇厅所言如今还没有定论。",81456,false
2162777,5927565,22,0,0,0,81803,81303,"不洁三塔","位于龙堡参天高地的某处。
放眼望去，所见之景将被后世传颂。","被伊修加德正教视为魔女们建造的异端之塔。其中配备了可供人类和龙族停泊的设备，建筑风格极为罕见。现在已经成为了龙族的居所。",81456,false
2162778,5927566,22,0,0,0,81804,81304,"悲叹飞泉","位于龙堡参天高地的某处。
放眼望去，所见之景将被后世传颂。","曾是坐落于索姆阿尔灵峰山脚的巨大古代建筑物。如今已被破坏并被河流吞没，是魔物和野兽的珍贵水源。龙族为了捕捉魔物和野兽也会在此出没。",81456,false
2162779,5927567,58,0,0,0,81805,81305,"光轮祭坛","位于龙堡参天高地的某处。
在此处献上祈祷，所见之景将被后世传颂。","位于流淌着岩浆的彻悟岩窟底端的祭坛。摆放着依照龙族和人类女性雕刻而成的雕像，但人类女性雕像似乎在很久以前就遭到了破坏。从此垂直向上望去，可以看到浮在空中的索姆阿尔灵峰底部。",81456,false
2162780,5959938,22,0,0,0,81806,81306,"尾羽集落","位于龙堡参天高地的某处。
放眼望去，所见之景将被后世传颂。","猎人们的村落，他们为了捕捉野生陆行鸟而来到了秘境——陆行鸟之森。七天树繁茂的树冠挡住了盘旋在上空的龙族的视线，所以人类可以在此处生活。",81456,false
2162781,5959940,22,0,0,0,81807,81307,"索姆阿尔灵峰","位于龙堡参天高地的某处。
放眼望去，所见之景将被后世传颂。","坐落于阿巴拉提亚山脉的艾欧泽亚最高峰。知晓死期的龙族会来到这里，是龙族的终焉之地，也被称为圣地。由巨大的水晶构成，从山腰到山顶都浮在空中，有种极致的美感。",81456,false
2162782,5927570,22,0,0,0,81815,81315,"莫古力之家","位于翻云雾海的某处。
放眼望去，所见之景将被后世传颂。","坐落于艾欧泽亚最高峰索姆阿尔灵峰峰顶的莫古力族的村落。虽然翻云雾海算是龙族的领地，但当地的莫古力族与圣龙赫拉斯瓦尔格立下了盟约，所以可以在此地生活。",81456,false
2162783,5927571,22,0,0,0,81816,81316,"龙巢神殿","位于翻云雾海的某处。
放眼望去，所见之景将被后世传颂。","邪龙尼德霍格居住的龙巢。在邪龙的魔力的作用下，周边被雷云覆盖无法轻易接近。尼德霍格在结束了数十年至一百年为周期的活动进入休眠期时，似乎会在此处沉睡。",81456,false
2162784,5927572,22,0,0,0,81817,81317,"惋惜之晶遗迹","位于翻云雾海的某处。
放眼望去，所见之景将被后世传颂。","名字中带有一股哀伤之意的遗迹。被破坏的建筑物有一半被水晶埋没。从结晶量可以推测出，很可能曾有拥有七大天龙级别魔力的生命在此消逝……",81456,false
2162785,5927573,22,0,0,0,81818,81318,"天极白垩宫","位于翻云雾海的某处。
放眼望去，所见之景将被后世传颂。","坐落于圣龙赫拉斯瓦尔格领地的壮丽的宫殿。和圣龙立下盟约的云海莫古力族会对此地进行维护，但还是敌不过千年的时光，建筑渐渐风化。即便如此，这座建筑依旧拥有着震撼人心的美丽。",81456,false
2162786,5927574,58,0,0,0,81819,81319,"人王像","位于翻云雾海的某处。
在此处献上祈祷，所见之景将被后世传颂。","坐落在绿茵岛相邻浮岛上的巨大的人物雕像。莫古力族似乎将此像的原型当做地上人类之王，将其称为人王像。不过如今记录早已丢失，不知此像究竟象征何人。",81456,false
2162787,5959944,22,0,0,0,81820,81320,"书信之家","位于翻云雾海的某处。
放眼望去，所见之景将被后世传颂。","疑似很久很久以前人类与龙族合作建造的建筑物，如今大半已化为瓦砾。因为建筑物中到处刻有文字，所以当地的莫古力族将其称为书信之家。据说千年前的遗物如今仍然遗落在那里。",81456,false
2162788,5959946,22,0,0,0,81821,81321,"飞龙港","位于翻云雾海的某处。
放眼望去，所见之景将被后世传颂。","莫古力族传说中的空中港口，有许多人为了骑乘双足飞龙而来。建筑物十分坚固，如今依然残留了一部分，但居住在那里的龙族几乎全是会袭击人类的邪龙眷属。",81456,false
2162789,5927575,22,0,0,0,81851,81351,"云顶营地","位于阿巴拉提亚云海的某处。
放眼望去，所见之景将被后世传颂。","艾因哈特家的蔷薇骑兵团驻扎的据点。为了从高空监视龙族而建立在浮岛上的营地。配备了新造飞空艇捍卫者号，但因为故障不断而毫无战斗力。",81457,false
2162790,5927576,13,0,0,0,81852,81352,"候鸟云巢","位于阿巴拉提亚云海的某处。
在此小憩，所见之景将被后世传颂。","有一些候鸟会随着季节变化往来于近东地域与艾欧泽亚,为了躲避严寒,那些怪鸟在这里搭建了巢穴,它们在此产卵、养育后代。在雏鸟们学会飞行后便会离开巢穴向东飞去。",81457,false
2162791,5927577,22,0,0,0,81853,81353,"沃仙曦染","位于阿巴拉提亚云海的某处。
放眼望去，所见之景将被后世传颂。","在水属性水晶的作用下由大气中的水分聚集而成的泉水。骑兵们发现这美丽的泉水后，觉得就如同吟游诗人传颂的传说中的美景圣地“沃仙曦染”一般美丽，便以此为名称呼下去。",81457,false
2162792,5927578,22,0,0,0,81854,81354,"魔窟离岛","位于阿巴拉提亚云海的某处。
放眼望去，所见之景将被后世传颂。","魔窟离岛的名字在瓦努语中有着高处的声音的意思。岛上留有一座刻有莫古力族喜欢的图案的石碑，但岛上并没有莫古力族的踪影。不知这里究竟拥有着怎样的历史。",81457,false
2162793,5927579,22,0,0,0,81855,81355,"落羽大房","位于阿巴拉提亚云海的某处。
放眼望去，所见之景将被后世传颂。","瓦努族的圣地之一，据讲述传说的人所说，这里曾飘落下云神俾斯麦的羽毛。如今温杜族长老的宅邸建立在此地作为其权利的象征。",81457,false
2162794,5959948,22,0,0,0,81856,81356,"瓦纳温杜集落","位于阿巴拉提亚云海的某处。
放眼望去，所见之景将被后世传颂。","瓦努族主要氏族温杜族的根据地。“瓦纳”在瓦努语中有“高处”的意思。当地居民认为越高的地方越容易将自己的声音传达给云神，所以高海拔的地方对他们来说有着重要的意义。",81457,false
2162795,5959950,22,0,0,0,81857,81357,"亨格坩埚","位于阿巴拉提亚云海的某处。
放眼望去，所见之景将被后世传颂。","位于阿巴拉提亚云海东部有着奇怪形状的浮岛。在发现了这座浮岛的伊修加德骑士眼中，这座浮岛形状和库尔札斯地区的童谣中的魔女亨格所用的坩埚很像，便将其命名为亨格坩埚。现在是巨嘴鸟的栖息地。",81457,false
2162796,5927586,22,0,0,0,81808,81308,"宗匠大工房","位于龙堡内陆低地的某处。
放眼望去，所见之景将被后世传颂。","曾是聚集了萨雷安工匠的大工房。此地曾经生产过以太之光。但是如今被企图独占知识的哥布林族科学家组织青蓝之手占领，似乎他们正在将此地改造成要塞。",81456,false
2162797,5927587,22,0,0,0,81809,81309,"萨雷安治学区","位于龙堡内陆低地的某处。
放眼望去，所见之景将被后世传颂。","萨雷安辖区中沙利亚克河西岸的地区。曾经有许多研究员和学者聚集在此地区。圣茉夏娜植物园等研究以及教育机关也集中在此。曾经充满了学术城邦的气息。",81456,false
2162798,5927588,22,0,0,0,81810,81310,"先贤伟业纪念碑","位于龙堡内陆低地的某处。
放眼望去，所见之景将被后世传颂。","为了纪念那些逝去的将知识传承下去的先人们，为了铭记他们的伟业而建造的大石碑。上面铭刻了知识之都萨雷安的格言“知识不求人”以及历代大贤人的名字。",81456,false
2162799,5927589,22,0,0,0,81811,81311,"知识神水瓶","位于龙堡内陆低地的某处。
放眼望去，所见之景将被后世传颂。","沙利亚克河的大瀑布。阿巴拉提亚山脉的积雪溶化后成为了地下水，与山下无数的支流汇合流入低地形成一条大河。其名字由知识神沙利亚克拥有的可以生成知识之水的魔法水瓶而来。",81456,false
2162800,5927590,22,0,0,0,81812,81312,"迦巴勒幻想图书馆","位于龙堡内陆低地的某处。
放眼望去，所见之景将被后世传颂。","殖民城市萨雷安为保管各地集聚的知识而建造的大图书馆。在大撤退时重要的资料都被带回了北洋的祖国，不过现在地下的禁书库中依旧保管着少量书籍。",81456,false
2162801,5959952,22,0,0,0,81813,81313,"奥恩原生林","位于龙堡内陆低地的某处。
放眼望去，所见之景将被后世传颂。","延伸在龙堡内陆低地北部的原生林。水量丰富的沙利亚克河滋润着当地的土地，保留了原汁原味的自然生态。如果想不经由龙堡参天高地前往萨雷安，就需要沿河而上穿过这片原生林。",81456,false
2162802,5959954,22,0,0,0,81814,81314,"圣茉夏娜植物园","位于龙堡内陆低地的某处。
放眼望去，所见之景将被后世传颂。","萨雷安人建立的植物园的遗址。内部的温室中栽培着从世界各地采集而来的植物和草木纲的魔物，人们在此进行各种各样的学术研究。不过植物园在大撤退时被废弃，现在没有任何人在管理。",81456,false
2162803,5927581,22,0,0,0,81858,81358,"飞空战舰格拉提翁号","位于魔大陆阿济兹拉的某处。
放眼望去，所见之景将被后世传颂。","加雷马帝国第六军团的旗舰。是与飞空战舰阿格里俄斯号同型号的战舰。受到冰神希瓦的拼死攻击后，舰载青磷炉被带有魔力的冰包裹住而陷入了无法航行的状态。",81457,false
2162804,5927582,22,0,0,0,81859,81359,"无限回廊","位于魔大陆阿济兹拉的某处。
放眼望去，所见之景将被后世传颂。","古代亚拉戈帝国的博物战舰。为将这千年大帝国的遗产永远地保存下来而建造了这艘战舰。据说其内部保留着从日用品到最新军用兵器等各种物品，甚至还有极其危险的魔科学产物。",81457,false
2162805,5927583,22,0,0,0,81860,81360,"对偶处刑台","位于魔大陆阿济兹拉的某处。
放眼望去，所见之景将被后世传颂。","被囚禁的七大天龙之中的暗龙提亚马特。过去曾与光龙巴哈姆特一起在南方大陆生活，但在和亚拉戈帝国军的战斗中败北。至今依然在后悔将因反抗而死的光龙作为蛮神召唤出来。",81457,false
2162806,5927584,22,0,0,0,81861,81361,"魔科学研究所","位于魔大陆阿济兹拉的某处。
放眼望去，所见之景将被后世传颂。","古代亚拉戈帝国的研究设施。曾在这里进行过封锁龙族行动的拘束装置的开发以及对蛮神封印系统的研究。也曾进行过对蛮神兵器的研究，研究所内部潜伏着许多被废弃的实验体。",81457,false
2162807,5927585,22,0,0,0,81862,81362,"螺旋港","位于魔大陆阿济兹拉的某处。
放眼望去，所见之景将被后世传颂。","阿济兹拉配备的巨大港湾设施。由导航系统的解说得知，似乎是可以容纳诸神黄昏级拘束舰等级的巨大舰艇的港湾设施。据说过去在设施中存在着更多的对接环。",81457,false
2162808,5959957,22,0,0,0,81863,81363,"隔离实验岛","位于魔大陆阿济兹拉的某处。
放眼望去，所见之景将被后世传颂。","位于魔大陆阿济兹拉一角的浮岛。整座浮岛就是一个隔离未能达到魔科学部安全基准的危险合成生物的设施。根据记录可知，这里似乎曾经是进行作物品种改良的农业研究所。",81457,true
2162809,5959961,22,0,0,0,81864,81364,"重组实验室","位于魔大陆阿济兹拉的某处。
放眼望去，所见之景将被后世传颂。","亚拉戈帝国魔科学部旗下的研究设施，进行了各种合成生物的开发。根据导航系统的解说可以得知，这里以进行非常安全且独特的实验而备受好评，但却让人禁不住对此番言论深表怀疑。",81457,true
