Index,0 [UBYTE] [0x24],1 [USHORT] [0x1C],2 [BBOOL] [0x30],3 [UBYTE] [0x25],4 [UBYTE] [0x26],5 [UBYTE] [0x27],6 [UBYTE] [0x28],7 [UBYTE] [0x29],8 [UBYTE] [0x2A],9 [UBYTE] [0x2B],10 [USHORT] [0x1E],11 [USHORT] [0x20],12 [BBOOL] [0x30],13 [BBOOL] [0x30],14 [BBOOL] [0x30],15 [BBOOL] [0x30],16 [BBOOL] [0x30],17 [BBOOL] [0x30],18 [UBYTE] [0x2C],19 [BBOOL] [0x30],20 [BBOOL] [0x31],21 [BBOOL] [0x31],22 [BBOOL] [0x31],23 [BBOOL] [0x31],24 [BBOOL] [0x31],25 [STRING] [0x0],26 [UBYTE] [0x2D],27 [UBYTE] [0x2E],28 [USHORT] [0x22],29 [UINT] [0x14],30 [UINT] [0x18],31 [BYTE] [0x2F],32 [BOOL] [0x4],33 [BOOL] [0x5],34 [BOOL] [0x6],35 [BOOL] [0x7],36 [BOOL] [0x8],37 [BOOL] [0x9],38 [BOOL] [0xA],39 [BOOL] [0xB],40 [BOOL] [0xC],41 [BOOL] [0xD],42 [BOOL] [0xE],43 [BOOL] [0xF],44 [BOOL] [0x10],45 [BOOL] [0x11],46 [BOOL] [0x12]
0,0,0,false,0,108,0,0,0,0,0,0,0,false,true,true,false,false,true,0,false,false,false,false,false,true,"",0,0,0,0,0,-1,false,false,false,false,false,false,false,false,false,false,false,false,false,false,false
1,1,1,false,0,108,2,0,0,24,27,0,0,true,true,true,false,false,true,0,true,false,true,false,false,true,"",2,6,5,112005,0,-1,true,false,false,false,false,false,false,false,true,false,false,false,false,false,false
2,1,2,false,0,108,2,0,0,16,19,0,0,true,true,true,false,false,true,0,true,false,true,false,false,true,"",2,6,2,112002,0,-1,true,false,false,false,false,false,false,false,true,false,false,false,false,false,false
3,1,3,false,0,108,2,0,0,17,20,0,0,true,true,true,false,false,true,0,true,false,true,false,false,true,"",2,6,3,112003,0,-1,true,false,false,false,false,false,false,false,true,false,false,false,false,false,false
4,1,4,false,0,108,2,0,0,15,18,0,0,true,true,true,false,false,true,0,true,false,true,false,false,true,"",2,6,1,112001,0,-1,true,false,false,false,false,false,false,false,true,false,false,false,false,false,false
5,1,5,false,0,108,2,0,0,47,49,0,0,true,true,true,false,false,true,0,true,false,true,false,false,true,"",2,6,12,112014,0,-1,true,false,false,false,false,false,false,false,true,false,false,false,false,false,false
6,1,6,false,0,108,2,0,0,28,31,0,0,true,true,true,false,false,true,0,true,false,true,false,false,true,"",2,6,6,112006,0,-1,true,false,false,false,false,false,false,false,true,false,false,false,false,false,false
7,1,7,false,0,108,2,0,0,20,23,0,0,true,true,true,false,false,true,0,true,false,true,false,false,true,"",2,6,4,112004,0,-1,true,false,false,false,false,false,false,false,true,false,false,false,false,false,false
8,1,8,false,0,108,2,0,0,32,34,0,0,true,true,true,false,false,true,0,true,false,true,false,false,true,"",2,6,7,112007,0,-1,true,false,false,false,false,false,false,false,true,false,false,false,false,false,false
9,1,9,false,0,108,2,0,0,35,37,0,0,true,true,true,false,false,true,0,true,false,true,false,false,true,"",2,6,8,112009,0,-1,true,false,false,false,false,false,false,false,true,false,false,false,false,false,false
10,1,10,false,0,108,2,0,0,50,50,45,110,true,true,true,false,false,true,0,true,false,true,false,false,true,"",2,6,13,112010,0,-1,false,true,false,false,false,false,false,false,true,false,false,false,false,false,false
11,1,11,false,0,108,2,0,0,41,43,0,0,true,true,true,false,false,true,0,true,false,true,false,false,true,"",2,6,10,112012,0,-1,true,false,false,false,false,false,false,false,true,false,false,false,false,false,false
12,1,12,false,0,108,2,0,0,38,40,0,0,true,true,true,false,false,true,0,true,false,true,false,false,true,"",2,6,9,112011,0,-1,true,false,false,false,false,false,false,false,true,false,false,false,false,false,false
13,1,13,false,0,108,2,0,0,44,46,0,0,true,true,true,false,false,true,0,true,false,true,false,false,true,"",2,6,11,112013,0,-1,true,false,false,false,false,false,false,false,true,false,false,false,false,false,false
14,1,14,false,0,108,2,0,0,50,50,45,110,true,true,true,false,false,true,0,true,false,true,false,false,true,"",2,6,16,112015,0,-1,false,true,false,false,false,false,false,false,true,false,false,false,false,false,false
15,1,15,false,0,108,3,0,0,50,50,42,0,true,true,true,false,false,true,0,true,false,true,false,false,true,"",2,6,14,112016,0,-1,false,false,true,false,false,false,false,false,true,false,false,false,false,false,false
16,1,16,false,0,108,3,0,0,50,50,42,0,true,true,true,false,false,true,0,true,false,true,false,false,true,"",2,6,15,112017,0,-1,false,false,true,false,false,false,false,false,true,false,false,false,false,false,false
17,1,17,false,0,108,2,0,0,50,50,48,110,true,true,true,false,false,true,0,true,false,true,false,false,true,"",2,6,17,112027,0,-1,false,true,false,false,false,false,false,false,true,false,false,false,false,false,false
18,1,18,false,0,108,2,0,0,50,50,48,110,true,true,true,false,false,true,0,true,false,true,false,false,true,"",2,6,18,112025,0,-1,false,true,false,false,false,false,false,false,true,false,false,false,false,false,false
19,1,19,false,0,108,2,0,0,50,50,48,110,true,true,true,false,false,true,0,true,false,true,false,false,true,"",2,6,19,112026,0,-1,false,true,false,false,false,false,false,false,true,false,false,false,false,false,false
20,1,20,false,0,108,2,0,0,50,50,55,110,true,true,true,false,false,true,0,true,false,true,false,false,true,"",2,6,22,112048,0,-1,false,true,false,false,false,false,false,false,true,false,false,false,false,false,false
21,1,21,false,0,108,2,0,0,50,50,55,110,true,true,true,false,false,true,0,true,false,true,false,false,true,"",2,6,21,112049,0,-1,false,true,false,false,false,false,false,false,true,false,false,false,false,false,false
22,1,22,false,0,108,2,0,0,50,50,55,110,true,true,true,false,false,true,0,true,false,true,false,false,true,"",2,6,20,112042,0,-1,false,true,false,false,false,false,false,false,true,false,false,false,false,false,false
23,1,23,false,0,108,2,0,0,50,50,70,110,true,true,true,false,false,true,0,true,false,true,false,false,true,"",2,6,23,112058,0,-1,false,true,false,false,false,false,false,false,true,false,false,false,false,false,false
24,1,24,false,0,108,2,0,0,50,50,70,110,true,true,true,false,false,true,0,true,false,true,false,false,true,"",2,6,24,112059,0,-1,false,true,false,false,false,false,false,false,true,false,false,false,false,false,false
25,1,25,false,0,108,2,0,0,50,50,70,110,true,true,true,false,false,true,0,true,false,true,false,false,true,"",2,6,25,112060,0,-1,false,true,false,false,false,false,false,false,true,false,false,false,false,false,false
26,1,26,false,0,108,2,0,0,50,50,80,0,true,true,true,false,false,true,0,true,false,true,false,false,true,"",2,6,28,112068,0,-1,false,true,false,false,false,false,false,false,true,false,false,false,false,false,false
27,1,27,false,0,108,2,0,0,50,50,80,0,true,true,true,false,false,true,0,true,false,true,false,false,true,"",2,6,26,112066,0,-1,false,true,false,false,false,false,false,false,true,false,false,false,false,false,false
28,1,28,false,0,108,2,0,0,50,50,80,0,true,true,true,false,false,true,0,true,false,true,false,false,true,"",2,6,27,112067,0,-1,false,true,false,false,false,false,false,false,true,false,false,false,false,false,false
29,1,29,false,0,108,2,0,0,50,50,90,0,true,true,true,false,false,true,0,true,false,true,false,false,true,"",2,6,31,112077,0,-1,false,true,false,false,false,false,false,false,true,false,false,false,false,false,false
30,1,30,false,0,108,2,0,0,50,50,90,0,true,true,true,false,false,true,0,true,false,true,false,false,true,"",2,6,30,112078,0,-1,false,true,false,false,false,false,false,false,true,false,false,false,false,false,false
31,1,31,false,1,108,2,0,0,59,60,0,150,true,true,true,false,false,true,0,true,false,true,false,false,true,"",2,7,44,112091,0,-1,true,false,false,false,false,false,false,false,true,false,false,false,false,false,false
32,1,32,false,0,108,2,0,0,50,50,90,0,true,true,true,false,false,true,0,true,false,true,false,false,true,"",2,6,29,112076,0,-1,false,true,false,false,false,false,false,false,true,false,false,false,false,false,false
33,1,33,false,1,108,2,0,0,60,60,145,210,true,true,true,false,false,true,0,true,false,true,false,false,true,"",2,7,46,112093,0,-1,false,true,false,false,false,false,false,false,true,false,false,false,false,false,false
34,1,34,false,1,108,2,0,0,57,58,0,0,true,true,true,false,false,true,0,true,false,true,false,false,true,"",2,7,43,112090,0,-1,true,false,false,false,false,false,false,false,true,false,false,false,false,false,false
35,1,35,false,1,108,2,0,0,60,60,145,210,true,true,true,false,false,true,0,true,false,true,false,false,true,"",2,7,47,112094,0,-1,false,true,false,false,false,false,false,false,true,false,false,false,false,false,false
36,1,36,false,1,108,2,0,0,51,52,0,0,true,true,true,false,false,true,0,true,false,true,false,false,true,"",2,7,40,112087,0,-1,true,false,false,false,false,false,false,false,true,false,false,false,false,false,false
37,1,37,false,1,108,2,0,0,53,54,0,0,true,true,true,false,false,true,0,true,false,true,false,false,true,"",2,7,41,112088,0,-1,true,false,false,false,false,false,false,false,true,false,false,false,false,false,false
38,1,38,false,1,108,2,0,0,60,60,142,180,true,true,true,false,false,true,0,true,false,true,false,false,true,"",2,7,45,112092,0,-1,false,true,false,false,false,false,false,false,true,false,false,false,false,false,false
39,1,39,false,1,108,2,0,0,55,56,0,0,true,true,true,false,false,true,0,true,false,true,false,false,true,"",2,7,42,112089,0,-1,true,false,false,false,false,false,false,false,true,false,false,false,false,false,false
40,1,40,false,1,108,2,0,0,60,60,170,240,true,true,true,false,false,true,0,true,false,true,false,false,true,"",2,7,49,112117,0,-1,false,true,false,false,false,false,false,false,true,false,false,false,false,false,false
41,1,41,false,1,108,2,0,0,60,60,170,240,true,true,true,false,false,true,0,true,false,true,false,false,true,"",2,7,48,112116,0,-1,false,true,false,false,false,false,false,false,true,false,false,false,false,false,false
42,1,10001,false,0,108,2,0,0,10,11,0,0,false,true,true,false,false,false,0,true,false,true,false,false,true,"",3,0,1,111006,0,-1,false,false,false,true,false,false,false,false,true,false,false,false,false,false,false
43,1,10002,false,0,108,2,0,0,10,11,0,0,false,true,true,false,false,false,0,true,false,true,false,false,true,"",3,0,2,111001,0,-1,false,false,false,true,false,false,false,false,true,false,false,false,false,false,false
44,1,10003,false,0,108,2,0,0,15,16,0,0,false,true,true,false,false,false,0,true,false,true,false,false,true,"",3,0,3,111007,0,-1,false,false,false,true,false,false,false,false,true,false,false,false,false,false,false
45,1,10004,false,0,108,2,0,0,15,16,0,0,false,true,true,false,false,false,0,true,false,true,false,false,true,"",3,0,4,111008,0,-1,false,false,false,true,false,false,false,false,true,false,false,false,false,false,false
46,1,10005,false,0,108,2,0,0,20,21,0,0,false,true,true,false,false,false,0,true,false,true,false,false,true,"",3,0,5,111002,0,-1,false,false,false,true,false,false,false,false,true,false,false,false,false,false,false
47,1,10006,false,0,108,2,0,0,20,21,0,0,false,true,true,false,false,false,0,true,false,true,false,false,true,"",3,0,6,111003,0,-1,false,false,false,true,false,false,false,false,true,false,false,false,false,false,false
48,1,10007,false,0,108,2,0,0,25,26,0,0,false,true,true,false,false,false,0,true,false,true,false,false,true,"",3,0,7,111005,0,-1,false,false,false,true,false,false,false,false,true,false,false,false,false,false,false
49,1,10008,false,0,108,2,0,0,25,26,0,0,false,true,true,false,false,false,0,true,false,true,false,false,true,"",3,0,8,111004,0,-1,false,false,false,true,false,false,false,false,true,false,false,false,false,false,false
50,1,10009,false,0,108,2,0,0,30,31,0,0,false,true,true,false,false,false,0,true,false,true,false,false,true,"",3,0,9,111009,0,-1,false,false,false,true,false,false,false,false,true,false,false,false,false,false,false
51,1,10010,false,0,108,2,0,0,30,31,0,0,false,true,true,false,false,false,0,true,false,true,false,false,true,"",3,0,10,111010,0,-1,false,false,false,true,false,false,false,false,true,false,false,false,false,false,false
52,1,10011,false,0,108,2,0,0,35,36,0,0,false,true,true,false,false,false,0,true,false,true,false,false,true,"",3,0,11,111011,0,-1,false,false,false,true,false,false,false,false,true,false,false,false,false,false,false
53,1,10012,false,0,108,2,0,0,35,36,0,0,false,true,true,false,false,false,0,true,false,true,false,false,true,"",3,0,12,111012,0,-1,false,false,false,true,false,false,false,false,true,false,false,false,false,false,false
54,1,10013,false,0,108,2,0,0,40,41,0,0,false,true,true,false,false,false,0,true,false,true,false,false,true,"",3,0,13,111013,0,-1,false,false,false,true,false,false,false,false,true,false,false,false,false,false,false
55,1,10014,false,0,108,3,0,0,40,41,0,0,false,true,true,false,false,false,0,true,false,true,false,false,true,"",3,0,14,111014,0,-1,false,false,false,true,false,false,false,false,true,false,false,false,false,false,false
56,1,20001,false,0,108,2,0,0,20,22,0,0,true,true,true,false,false,true,0,true,false,true,false,false,true,"",4,8,1,112008,0,-1,true,false,false,false,false,false,false,false,true,false,false,false,false,false,false
57,1,20002,false,0,108,2,0,0,34,36,0,0,true,true,true,false,false,true,0,true,false,true,false,false,true,"",4,8,2,112018,0,-1,true,false,false,false,false,false,false,false,true,false,false,false,false,false,false
58,1,20003,false,0,108,2,0,0,44,46,0,0,true,true,true,false,false,true,0,true,false,true,false,false,true,"",4,8,3,112019,0,-1,true,false,false,false,false,false,false,false,true,false,false,false,false,false,false
59,1,20004,false,0,108,3,0,0,50,50,49,0,true,true,true,false,false,true,0,true,false,true,false,false,true,"",4,8,12,112021,0,-1,false,false,false,false,false,true,false,false,true,false,false,false,false,false,false
60,1,20005,false,0,108,3,0,0,50,50,57,0,true,true,true,false,false,true,0,true,false,true,false,false,true,"",4,8,14,112022,0,-1,false,false,false,false,false,true,false,false,true,false,false,false,false,false,false
61,1,20006,false,0,108,3,0,0,50,50,52,0,true,true,true,false,false,true,0,true,false,true,false,false,true,"",4,8,13,112023,0,-1,false,false,false,false,false,true,false,false,true,false,false,false,false,false,false
62,1,20007,false,0,108,3,0,0,49,50,0,0,true,true,true,false,false,true,0,true,false,true,false,false,true,"",4,8,4,112020,0,-1,false,false,false,false,false,true,false,false,true,false,false,false,false,false,false
63,1,20008,false,0,108,3,0,0,50,50,70,0,true,true,true,false,false,true,0,true,false,true,false,false,true,"",4,19,103,112028,0,-1,false,false,false,false,false,false,false,false,true,false,false,false,false,false,false
64,1,20009,false,0,108,3,0,0,50,50,67,0,true,true,true,false,false,true,0,true,false,true,false,false,true,"",4,19,102,112029,0,-1,false,false,false,false,false,false,false,false,true,false,false,false,false,false,false
65,1,20010,false,0,108,3,0,0,50,50,65,0,true,true,true,false,false,true,0,true,false,true,false,false,true,"",4,19,101,112030,0,-1,false,false,false,false,false,false,false,false,true,false,false,false,false,false,false
66,1,20011,false,0,108,3,0,0,50,50,54,0,true,true,true,false,false,true,0,true,false,true,false,false,true,"",4,8,15,112031,0,-1,false,false,false,false,false,true,false,false,true,false,false,false,false,false,false
67,1,20012,false,0,108,3,0,0,50,50,80,0,true,true,true,false,false,true,0,true,false,true,false,false,true,"",4,19,104,112050,0,-1,false,false,false,false,false,false,false,false,true,false,false,false,false,false,false
68,1,20013,false,0,108,3,0,0,50,50,61,0,true,true,true,false,false,true,0,true,false,true,false,false,true,"",4,19,100,112032,0,-1,false,false,false,false,false,false,false,false,true,false,false,false,false,false,false
69,1,20014,false,0,108,2,0,0,50,50,0,0,true,true,false,false,false,false,0,true,false,true,false,false,true,"",4,8,9999,112018,0,-1,false,false,false,false,false,false,false,false,false,false,false,false,false,false,false
70,1,20015,false,1,108,4,0,0,60,60,0,0,true,false,false,false,false,false,0,true,false,true,false,false,true,"",4,8,9997,112225,0,-1,false,false,false,false,false,false,false,false,false,false,false,false,false,false,false
71,1,20016,false,1,108,3,0,0,60,60,0,0,true,true,false,false,false,false,0,true,false,true,false,false,true,"",4,8,9998,112126,0,-1,false,false,false,false,false,false,false,false,false,false,false,false,false,false,false
72,1,20017,false,0,108,3,0,0,50,50,60,0,true,true,true,false,false,true,0,true,false,true,false,false,true,"",4,8,16,112051,0,-1,false,false,false,false,false,true,false,false,true,false,false,false,false,false,false
73,1,20018,false,0,108,3,0,0,50,50,80,0,true,true,true,false,false,true,0,true,false,true,false,false,true,"",4,19,105,112052,0,-1,false,false,false,false,false,false,false,false,true,false,false,false,false,false,false
74,1,20019,false,0,108,3,0,0,50,50,52,0,true,true,true,false,false,true,0,true,false,true,false,false,true,"",4,8,7,112053,0,-1,false,false,false,false,false,true,false,false,true,false,false,false,false,false,false
75,1,20020,false,0,108,3,0,0,50,50,52,0,true,true,true,false,false,true,0,true,false,true,false,false,true,"",4,8,8,112055,0,-1,false,false,false,false,false,true,false,false,true,false,false,false,false,false,false
76,1,20021,false,0,108,3,0,0,50,50,50,0,true,true,true,false,false,true,0,true,false,true,false,false,true,"",4,8,9,112054,0,-1,false,false,false,false,false,true,false,false,true,false,false,false,false,false,false
77,1,20022,false,0,108,3,0,0,50,50,65,0,true,true,true,false,false,true,0,true,false,true,false,false,true,"",4,8,17,112062,0,-1,false,false,false,false,false,true,false,false,true,false,false,false,false,false,false
78,1,20023,false,0,108,3,0,0,50,50,85,0,true,true,true,false,false,true,0,true,false,true,false,false,true,"",4,19,106,112063,0,-1,false,false,false,false,false,false,false,false,true,false,false,false,false,false,false
79,1,20024,false,0,108,3,0,0,50,50,80,0,true,true,true,false,false,true,0,true,false,true,false,false,true,"",4,8,18,112073,0,-1,false,false,false,false,false,true,false,false,true,false,false,false,false,false,false
80,1,20025,false,0,108,3,0,0,50,50,95,0,true,true,true,false,false,true,0,true,false,true,false,false,true,"",4,19,107,112074,0,-1,false,false,false,false,false,false,false,false,true,false,false,false,false,false,false
81,1,20026,false,0,108,3,0,0,50,50,80,0,true,true,true,false,false,true,0,true,false,true,false,false,true,"",4,8,10,112075,0,-1,false,false,false,false,false,true,false,false,true,false,false,false,false,false,false
82,1,20027,false,0,108,3,0,0,50,50,95,0,true,true,true,false,false,true,0,true,false,true,false,false,true,"",4,8,19,112065,0,-1,false,false,false,false,false,false,false,false,true,false,false,false,false,false,false
83,1,20028,false,0,108,3,0,0,50,50,90,0,true,true,true,false,false,true,0,true,false,true,false,false,true,"",4,8,6,112082,0,-1,false,false,false,false,false,true,false,false,true,false,false,false,false,false,false
84,1,20029,false,0,108,3,0,0,50,50,90,0,true,true,true,false,false,true,0,true,false,true,false,false,true,"",4,8,5,112081,0,-1,false,false,false,false,false,true,false,false,true,false,false,false,false,false,false
85,1,20030,false,0,108,3,0,0,50,50,90,0,true,true,true,false,false,true,0,true,false,true,false,false,true,"",4,8,11,112080,0,-1,false,false,false,false,false,true,false,false,true,false,false,false,false,false,false
86,1,20031,false,1,108,3,0,0,53,54,0,0,true,true,true,false,false,true,0,true,false,true,false,false,true,"",4,9,110,112103,0,-1,false,false,false,false,false,true,false,false,true,false,false,false,false,false,false
87,1,20032,false,1,108,3,0,0,60,60,175,0,true,true,true,false,false,true,0,true,false,true,false,false,true,"",4,20,121,112107,0,-1,false,false,false,false,false,false,false,false,true,false,false,false,false,false,false
88,1,20033,false,1,108,3,0,0,57,58,0,0,true,true,true,false,false,true,0,true,false,true,false,false,true,"",4,9,111,112104,0,-1,false,false,false,false,false,true,false,false,true,false,false,false,false,false,false
89,1,20034,false,1,108,3,0,0,60,60,165,0,true,true,true,false,false,true,0,true,false,true,false,false,true,"",4,20,120,112105,0,-1,false,false,false,false,false,false,false,false,true,false,false,false,false,false,false
90,1,20035,false,1,108,3,0,0,60,60,142,0,true,true,true,false,false,true,0,true,false,true,false,false,true,"",4,9,112,112106,0,-1,false,false,false,false,false,true,false,false,true,false,false,false,false,false,false
91,1,20036,false,1,108,3,0,0,60,60,190,0,true,true,true,false,false,true,0,true,false,true,false,false,true,"",4,20,122,112122,0,-1,false,false,false,false,false,false,false,false,true,false,false,false,false,false,false
92,1,30001,false,0,108,4,0,0,50,50,50,0,true,true,true,false,false,false,0,true,false,true,false,false,true,"",5,14,1,112033,0,-1,false,false,false,false,false,false,false,false,true,false,false,false,false,false,true
93,1,30002,false,0,108,3,0,0,50,50,70,0,true,true,true,false,false,true,0,true,false,true,false,false,true,"",5,10,4,112043,0,-1,false,false,false,false,false,false,false,false,false,false,false,false,false,false,false
94,1,30003,false,0,108,3,0,0,50,50,73,0,true,true,true,false,false,true,0,true,false,true,false,false,true,"",5,10,5,112044,0,-1,false,false,false,false,false,false,false,false,false,false,false,false,false,false,false
95,1,30004,false,0,108,3,0,0,50,50,70,0,true,true,true,false,false,true,0,true,false,true,false,false,true,"",5,10,6,112045,0,-1,false,false,false,false,false,false,false,false,false,false,false,false,false,false,false
96,1,30005,false,0,108,3,0,0,50,50,77,0,true,true,true,false,false,true,0,true,false,true,false,false,true,"",5,10,7,112046,0,-1,false,false,false,false,false,false,false,false,false,false,false,false,false,false,false
97,1,30006,false,0,108,3,0,0,50,50,82,0,true,true,true,false,false,true,0,true,false,true,false,false,true,"",5,10,8,112047,0,-1,false,false,false,false,false,false,false,false,false,false,false,false,false,false,false
98,1,30007,false,0,108,3,0,0,50,50,90,0,true,true,true,false,false,true,0,true,false,true,false,false,true,"",5,10,9,112038,0,-1,false,false,false,false,false,false,false,false,false,false,false,false,false,false,false
99,1,30008,false,0,108,3,0,0,50,50,95,0,true,true,true,false,false,true,0,true,false,true,false,false,true,"",5,10,10,112039,0,-1,false,false,false,false,false,false,false,false,false,false,false,false,false,false,false
100,1,30009,false,0,108,3,0,0,50,50,100,0,true,true,true,false,false,true,0,true,false,true,false,false,true,"",5,10,11,112040,0,-1,false,false,false,false,false,false,false,false,false,false,false,false,false,false,false
101,1,30010,false,0,108,3,0,0,50,50,105,0,true,true,true,false,false,true,0,true,false,true,false,false,true,"",5,10,12,112041,0,-1,false,false,false,false,false,false,false,false,false,false,false,false,false,false,false
102,1,30011,false,0,108,4,0,0,50,50,70,0,true,true,true,false,false,false,0,true,false,true,false,false,true,"",5,14,2,112061,0,-1,false,false,false,false,false,false,false,false,true,false,false,false,false,false,true
103,1,30012,false,0,108,3,0,0,50,50,105,0,true,true,true,false,false,true,0,true,false,true,false,false,true,"",5,12,17,112038,0,-1,false,false,false,false,false,false,false,false,false,false,false,false,false,false,false
104,1,30013,false,0,108,3,0,0,50,50,105,0,true,true,true,false,false,true,0,true,false,true,false,false,true,"",5,12,18,112039,0,-1,false,false,false,false,false,false,false,false,false,false,false,false,false,false,false
105,1,30014,false,0,108,3,0,0,50,50,105,0,true,true,true,false,false,true,0,true,false,true,false,false,true,"",5,12,19,112040,0,-1,false,false,false,false,false,false,false,false,false,false,false,false,false,false,false
106,1,30015,false,0,108,3,0,0,50,50,105,0,true,true,true,false,false,true,0,true,false,true,false,false,true,"",5,12,20,112041,0,-1,false,false,false,false,false,false,false,false,false,false,false,false,false,false,false
107,1,30016,false,0,108,3,0,0,50,50,110,0,true,true,true,false,false,true,0,true,false,true,false,false,true,"",5,10,13,112069,0,-1,false,false,false,false,false,false,false,false,false,false,false,false,false,false,false
108,1,30017,false,0,108,3,0,0,50,50,115,0,true,true,true,false,false,true,0,true,false,true,false,false,true,"",5,10,14,112070,0,-1,false,false,false,false,false,false,false,false,false,false,false,false,false,false,false
109,1,30018,false,0,108,3,0,0,50,50,120,0,true,true,true,false,false,true,0,true,false,true,false,false,true,"",5,10,15,112071,0,-1,false,false,false,false,false,false,false,false,false,false,false,false,false,false,false
110,1,30019,false,0,108,3,0,0,50,50,123,0,true,true,true,false,false,true,0,true,false,true,false,false,true,"",5,10,16,112072,0,-1,false,false,false,false,false,false,false,false,false,false,false,false,false,false,false
111,1,30020,false,0,108,4,0,0,50,50,90,0,true,true,true,false,false,false,0,true,false,true,false,false,true,"",5,14,3,112079,0,-1,false,false,false,false,false,false,false,false,true,false,false,false,false,false,true
112,1,30021,false,1,108,3,0,0,60,60,170,0,true,true,true,false,false,true,0,true,false,true,false,false,true,"",5,11,40,112095,0,-1,false,false,false,false,false,false,false,false,true,false,false,false,false,false,false
113,1,30022,false,1,108,3,0,0,60,60,170,0,true,true,true,false,false,true,0,true,false,true,false,false,true,"",5,11,41,112096,0,-1,false,false,false,false,false,false,false,false,true,false,false,false,false,false,false
114,1,30023,false,1,108,3,0,0,60,60,170,0,true,true,true,false,false,true,0,true,false,true,false,false,true,"",5,11,42,112097,0,-1,false,false,false,false,false,false,false,false,true,false,false,false,false,false,false
115,1,30024,false,1,108,3,0,0,60,60,170,0,true,true,true,false,false,true,0,true,false,true,false,false,true,"",5,11,43,112098,0,-1,false,false,false,false,false,false,false,false,true,false,false,false,false,false,false
116,1,30025,false,1,108,3,0,0,60,60,190,0,true,true,true,false,false,true,0,true,false,true,false,false,true,"",5,13,52,112099,0,-1,false,false,false,false,false,false,false,false,false,false,false,false,false,false,false
117,1,30026,false,1,108,3,0,0,60,60,195,0,true,true,true,false,false,true,0,true,false,true,false,false,true,"",5,13,53,112100,0,-1,false,false,false,false,false,false,false,false,false,false,false,false,false,false,false
118,1,30027,false,1,108,3,0,0,60,60,200,0,true,true,true,false,false,true,0,true,false,true,false,false,true,"",5,13,54,112101,0,-1,false,false,false,false,false,false,false,false,false,false,false,false,false,false,false
119,1,30028,false,1,108,3,0,0,60,60,205,0,true,true,true,false,false,true,0,true,false,true,false,false,true,"",5,13,55,112102,0,-1,false,false,false,false,false,false,false,false,false,false,false,false,false,false,false
120,1,30029,false,1,108,4,0,0,60,60,175,0,true,true,true,false,false,false,0,true,false,true,false,false,true,"",5,15,30,112118,0,-1,false,false,false,false,false,false,false,false,true,false,false,false,false,false,true
121,0,0,false,0,0,0,0,0,0,0,0,0,false,false,false,false,false,false,0,false,false,false,false,false,false,"",0,0,0,0,0,0,false,false,false,false,false,false,false,false,false,false,false,false,false,false,false
122,0,0,false,0,0,0,0,0,0,0,0,0,false,false,false,false,false,false,0,false,false,false,false,false,false,"",0,0,0,0,0,0,false,false,false,false,false,false,false,false,false,false,false,false,false,false,false
123,0,0,false,0,0,0,0,0,0,0,0,0,false,false,false,false,false,false,0,false,false,false,false,false,false,"",0,0,0,0,0,0,false,false,false,false,false,false,false,false,false,false,false,false,false,false,false
124,0,0,false,0,0,0,0,0,0,0,0,0,false,false,false,false,false,false,0,false,false,false,false,false,false,"",0,0,0,0,0,0,false,false,false,false,false,false,false,false,false,false,false,false,false,false,false
125,0,0,false,0,0,0,0,0,0,0,0,0,false,false,false,false,false,false,0,false,false,false,false,false,false,"",0,0,0,0,0,0,false,false,false,false,false,false,false,false,false,false,false,false,false,false,false
126,0,0,false,0,0,0,0,0,0,0,0,0,false,false,false,false,false,false,0,false,false,false,false,false,false,"",0,0,0,0,0,0,false,false,false,false,false,false,false,false,false,false,false,false,false,false,false
127,1,50001,true,0,110,7,0,0,30,70,0,0,false,true,false,false,false,false,0,true,false,true,false,false,true,"",6,3,100,112064,0,-1,false,false,false,false,false,false,true,false,false,false,false,false,false,false,false
128,1,40012,true,0,110,6,1,0,30,70,0,0,false,false,false,false,false,false,0,true,false,true,false,false,true,"",6,2,999,112140,0,-1,false,false,false,false,false,false,false,false,false,false,false,false,false,false,false
129,0,0,false,0,0,0,0,0,0,0,0,0,false,false,false,false,false,false,0,false,false,false,false,false,false,"",0,0,0,0,0,0,false,false,false,false,false,false,false,false,false,false,false,false,false,false,false
130,1,50004,true,1,110,7,0,0,30,70,0,0,false,true,false,false,false,false,0,true,false,true,false,false,true,"",6,3,102,112108,0,-1,false,false,false,false,false,false,true,false,false,false,false,false,false,false,false
131,2,1,false,1,108,16,0,0,60,0,179,0,true,true,true,false,false,true,1,false,false,true,false,false,true,"",23,0,1,112119,0,-1,false,false,false,false,false,false,false,false,false,false,false,false,false,false,false
132,2,2,false,1,108,16,0,0,60,0,179,0,true,true,true,false,false,true,1,false,false,true,false,false,true,"",23,0,2,112120,0,-1,false,false,false,false,false,false,false,false,false,false,false,false,false,false,false
133,2,3,false,1,108,16,0,0,60,0,179,0,true,true,true,false,false,true,1,false,false,true,false,false,true,"",23,0,3,112121,0,-1,false,false,false,false,false,false,false,false,false,false,false,false,false,false,false
134,1,20037,false,1,108,3,0,0,60,60,190,0,true,true,true,false,false,true,0,true,false,true,false,false,true,"",4,9,114,112126,0,-1,false,false,false,false,false,true,false,false,true,false,false,false,false,false,false
135,1,20038,false,1,108,3,0,0,60,60,205,0,true,true,true,false,false,true,0,true,false,true,false,false,true,"",4,20,124,112127,0,-1,false,false,false,false,false,false,false,false,true,false,false,false,false,false,false
136,1,30030,false,1,108,3,0,0,60,60,200,0,true,true,true,false,false,true,0,true,false,true,false,false,true,"",5,11,44,112128,0,-1,false,false,false,false,false,false,false,false,true,false,false,false,false,false,false
137,1,30031,false,1,108,3,0,0,60,60,200,0,true,true,true,false,false,true,0,true,false,true,false,false,true,"",5,11,45,112129,0,-1,false,false,false,false,false,false,false,false,true,false,false,false,false,false,false
138,1,30032,false,1,108,3,0,0,60,60,200,0,true,true,true,false,false,true,0,true,false,true,false,false,true,"",5,11,46,112130,0,-1,false,false,false,false,false,false,false,false,true,false,false,false,false,false,false
139,1,30033,false,1,108,3,0,0,60,60,200,0,true,true,true,false,false,true,0,true,false,true,false,false,true,"",5,11,47,112131,0,-1,false,false,false,false,false,false,false,false,true,false,false,false,false,false,false
140,1,42,false,1,108,2,0,0,60,60,180,0,true,true,true,false,false,true,0,true,false,true,false,false,true,"",2,7,51,112124,0,-1,false,true,false,false,false,false,false,false,true,false,false,false,false,false,false
141,1,43,false,1,108,2,0,0,60,60,180,0,true,true,true,false,false,true,0,true,false,true,false,false,true,"",2,7,50,112125,0,-1,false,true,false,false,false,false,false,false,true,false,false,false,false,false,false
142,1,40007,true,0,110,17,3,2,30,70,0,0,false,false,false,false,false,false,0,false,false,true,false,false,true,"",6,2,0,112217,0,-1,false,false,false,false,false,false,false,false,false,true,false,false,false,false,false
143,1,40008,true,0,110,6,3,1,30,70,0,0,false,false,false,false,false,false,0,false,false,true,false,false,true,"",6,2,8,112223,0,-1,false,false,false,false,false,false,false,false,false,false,true,false,false,false,false
144,0,0,false,0,0,0,0,0,0,0,0,0,false,false,false,false,false,false,0,false,false,false,false,false,false,"",0,0,0,0,0,0,false,false,false,false,false,false,false,false,false,false,false,false,false,false,false
145,1,40010,true,0,110,6,3,1,30,70,0,0,false,false,false,true,true,false,0,false,false,true,false,false,true,"",6,1,0,112218,0,-1,false,false,false,false,false,false,false,false,false,false,false,false,true,false,false
146,0,0,false,0,0,0,0,0,0,0,0,0,false,false,false,false,false,false,0,false,false,false,false,false,false,"",0,0,0,0,0,0,false,false,false,false,false,false,false,false,false,false,false,false,false,false,false
147,1,30034,false,1,108,3,0,0,60,60,215,0,true,true,true,false,false,true,0,true,false,true,false,false,true,"",5,13,56,112132,0,-1,false,false,false,false,false,false,false,false,false,false,false,false,false,false,false
148,1,30035,false,1,108,3,0,0,60,60,220,0,true,true,true,false,false,true,0,true,false,true,false,false,true,"",5,13,57,112133,0,-1,false,false,false,false,false,false,false,false,false,false,false,false,false,false,false
149,1,30036,false,1,108,3,0,0,60,60,225,0,true,true,true,false,false,true,0,true,false,true,false,false,true,"",5,13,58,112134,0,-1,false,false,false,false,false,false,false,false,false,false,false,false,false,false,false
150,1,30037,false,1,108,3,0,0,60,60,225,0,true,true,true,false,false,true,0,true,false,true,false,false,true,"",5,13,59,112135,0,-1,false,false,false,false,false,false,false,false,false,false,false,false,false,false,false
151,1,15001,false,0,108,1,0,0,15,15,0,5,false,false,true,false,false,false,0,false,false,true,false,false,true,"",20,0,0,112141,0,-1,false,false,false,false,false,false,false,false,false,false,false,false,false,false,false
152,1,15002,false,0,108,1,0,0,15,15,0,5,false,false,true,false,false,false,0,false,false,true,false,false,true,"",20,0,0,112141,0,-1,false,false,false,false,false,false,false,false,false,false,false,false,false,false,false
153,1,15003,false,0,108,1,0,0,15,15,0,5,false,false,true,false,false,false,0,false,false,true,false,false,true,"",20,0,0,112141,0,-1,false,false,false,false,false,false,false,false,false,false,false,false,false,false,false
154,1,15004,false,0,108,1,0,0,15,15,0,5,false,false,true,false,false,false,0,false,false,true,false,false,true,"",20,0,0,112141,0,-1,false,false,false,false,false,false,false,false,false,false,false,false,false,false,false
155,1,15005,false,0,108,1,0,0,15,15,0,5,false,false,true,false,false,false,0,false,false,true,false,false,true,"",20,0,0,112141,0,-1,false,false,false,false,false,false,false,false,false,false,false,false,false,false,false
156,1,15006,false,0,108,1,0,0,15,15,0,5,false,false,true,false,false,false,0,false,false,true,false,false,true,"",20,0,0,112141,0,-1,false,false,false,false,false,false,false,false,false,false,false,false,false,false,false
157,1,15007,false,0,108,1,0,0,15,15,0,5,false,false,true,false,false,false,0,false,false,true,false,false,true,"",20,0,0,112141,0,-1,false,false,false,false,false,false,false,false,false,false,false,false,false,false,false
158,1,15008,false,0,108,1,0,0,15,15,0,5,false,false,true,false,false,false,0,false,false,true,false,false,true,"",20,0,0,112141,0,-1,false,false,false,false,false,false,false,false,false,false,false,false,false,false,false
159,1,15009,false,0,108,1,0,0,15,15,0,5,false,false,true,false,false,false,0,false,false,true,false,false,true,"",20,0,0,112141,0,-1,false,false,false,false,false,false,false,false,false,false,false,false,false,false,false
160,1,15010,false,0,108,1,0,0,15,15,0,5,false,false,true,false,false,false,0,false,false,true,false,false,true,"",20,0,0,112141,0,-1,false,false,false,false,false,false,false,false,false,false,false,false,false,false,false
161,1,15011,false,0,108,1,0,0,15,15,0,5,false,false,true,false,false,false,0,false,false,true,false,false,true,"",20,0,0,112141,0,-1,false,false,false,false,false,false,false,false,false,false,false,false,false,false,false
162,1,15012,false,0,108,1,0,0,15,15,0,5,false,false,true,false,false,false,0,false,false,true,false,false,true,"",20,0,0,112141,0,-1,false,false,false,false,false,false,false,false,false,false,false,false,false,false,false
163,1,15013,false,0,108,1,0,0,15,15,0,5,false,false,true,false,false,false,0,false,false,true,false,false,true,"",20,0,0,112141,0,-1,false,false,false,false,false,false,false,false,false,false,false,false,false,false,false
164,1,15014,false,0,108,1,0,0,15,15,0,5,false,false,true,false,false,false,0,false,false,true,false,false,true,"",20,0,0,112141,0,-1,false,false,false,false,false,false,false,false,false,false,false,false,false,false,false
165,1,15015,false,0,108,1,0,0,15,15,0,5,false,false,true,false,false,false,0,false,false,true,false,false,true,"",20,0,0,112141,0,-1,false,false,false,false,false,false,false,false,false,false,false,false,false,false,false
166,1,15016,false,0,108,1,0,0,15,15,0,5,false,false,true,false,false,false,0,false,false,true,false,false,true,"",20,0,0,112141,0,-1,false,false,false,false,false,false,false,false,false,false,false,false,false,false,false
167,1,5001,false,1,108,1,0,0,1,60,0,0,false,false,true,false,false,false,0,false,false,false,false,false,true,"",7,0,0,112145,0,-1,false,false,false,false,false,false,false,false,false,false,false,false,false,false,false
168,1,30038,false,1,108,4,0,0,60,60,205,0,true,true,true,false,false,false,0,true,false,true,false,false,true,"",5,15,31,112162,0,-1,false,false,false,false,false,false,false,false,true,false,false,false,false,false,true
169,1,20039,false,1,108,3,0,0,60,60,205,0,true,true,true,false,false,true,0,true,false,true,false,false,true,"",4,9,113,112160,0,-1,false,false,false,false,false,true,false,false,true,false,false,false,false,false,false
170,1,20040,false,1,108,3,0,0,60,60,220,0,true,true,true,false,false,true,0,true,false,true,false,false,true,"",4,20,123,112161,0,-1,false,false,false,false,false,false,false,false,true,false,false,false,false,false,false
171,1,44,false,1,108,2,0,0,60,60,200,0,true,true,true,false,false,true,0,true,false,true,false,false,true,"",2,7,52,112163,0,-1,false,true,false,false,false,false,false,false,true,false,false,false,false,false,false
172,1,45,false,1,108,2,0,0,60,60,200,0,true,true,true,false,false,true,0,true,false,true,false,false,true,"",2,7,53,112164,0,-1,false,true,false,false,false,false,false,false,true,false,false,false,false,false,false
173,1,5002,false,1,108,1,0,0,1,60,0,0,false,false,true,false,false,false,0,false,false,false,false,false,true,"",7,0,0,0,0,-1,false,false,false,false,false,false,false,false,false,false,false,false,false,false,false
174,1,60001,false,0,108,11,0,0,1,0,0,0,true,true,true,false,false,false,0,false,false,true,false,false,true,"",21,0,0,112166,0,-1,false,false,false,false,false,false,false,false,false,false,false,false,false,false,false
175,1,60002,false,0,108,11,0,0,1,0,0,0,true,true,true,false,false,false,0,false,false,true,false,false,true,"",21,0,0,112167,0,-1,false,false,false,false,false,false,false,false,false,false,false,false,false,false,false
176,1,60003,false,0,108,11,0,0,1,0,0,0,true,true,true,false,false,false,0,false,false,true,false,false,true,"",21,0,0,112168,0,-1,false,false,false,false,false,false,false,false,false,false,false,false,false,false,false
177,1,60004,false,0,108,11,0,0,1,0,0,0,true,true,true,false,false,false,0,false,false,true,false,false,true,"",21,0,0,112169,0,-1,false,false,false,false,false,false,false,false,false,false,false,false,false,false,false
178,1,60005,false,0,108,11,0,0,1,0,0,0,true,true,true,false,false,false,0,false,false,true,false,false,true,"",21,0,0,112170,0,-1,false,false,false,false,false,false,false,false,false,false,false,false,false,false,false
179,1,55001,false,0,108,3,0,0,1,60,0,180,true,false,true,false,false,false,0,false,false,false,false,true,true,"",9,0,0,0,0,-1,false,false,false,false,false,false,false,false,false,false,false,false,false,false,false
180,1,50005,true,1,110,7,0,0,30,70,0,0,false,true,false,false,false,false,0,true,false,true,false,false,true,"",6,3,103,112165,0,-1,false,false,false,false,false,false,true,false,false,false,false,false,false,false,false
181,1,25001,false,0,108,11,0,0,1,1,0,0,false,true,true,false,false,true,0,false,false,true,false,false,true,"",22,0,0,112196,80103,-1,false,false,false,false,false,false,false,false,false,false,false,false,false,false,false
182,1,46,false,1,108,2,0,0,60,60,210,0,true,true,true,false,false,true,0,true,false,true,false,false,true,"",2,7,54,112186,0,-1,false,true,false,false,false,false,false,false,true,false,false,false,false,false,false
183,1,20041,false,1,108,3,0,0,60,60,220,0,true,true,true,false,false,true,0,true,false,true,false,false,true,"",4,9,115,112201,0,-1,false,false,false,false,false,true,false,false,true,false,false,false,false,false,false
184,1,20042,false,1,108,3,0,0,60,60,235,0,true,true,true,false,false,true,0,true,false,true,false,false,true,"",4,20,125,112202,0,-1,false,false,false,false,false,false,false,false,true,false,false,false,false,false,false
185,0,0,false,0,0,0,0,0,0,0,0,0,false,false,false,false,false,false,0,false,false,false,false,false,false,"",0,0,0,0,0,0,false,false,false,false,false,false,false,false,false,false,false,false,false,false,false
186,1,30039,false,1,108,3,0,0,60,60,230,0,true,true,true,false,false,true,0,true,false,true,false,false,true,"",5,11,48,112188,0,-1,false,false,false,false,false,false,false,false,true,false,false,false,false,false,false
187,1,30040,false,1,108,3,0,0,60,60,230,0,true,true,true,false,false,true,0,true,false,true,false,false,true,"",5,11,49,112189,0,-1,false,false,false,false,false,false,false,false,true,false,false,false,false,false,false
188,1,30041,false,1,108,3,0,0,60,60,230,0,true,true,true,false,false,true,0,true,false,true,false,false,true,"",5,11,50,112190,0,-1,false,false,false,false,false,false,false,false,true,false,false,false,false,false,false
189,1,30042,false,1,108,3,0,0,60,60,230,0,true,true,true,false,false,true,0,true,false,true,false,false,true,"",5,11,51,112191,0,-1,false,false,false,false,false,false,false,false,true,false,false,false,false,false,false
190,1,30043,false,1,108,3,0,0,60,60,245,0,true,true,true,false,false,true,0,true,false,true,false,false,true,"",5,13,60,112192,0,-1,false,false,false,false,false,false,false,false,false,false,false,false,false,false,false
191,1,30044,false,1,108,3,0,0,60,60,250,0,true,true,true,false,false,true,0,true,false,true,false,false,true,"",5,13,61,112193,0,-1,false,false,false,false,false,false,false,false,false,false,false,false,false,false,false
192,1,30045,false,1,108,3,0,0,60,60,255,0,true,true,true,false,false,true,0,true,false,true,false,false,true,"",5,13,62,112194,0,-1,false,false,false,false,false,false,false,false,false,false,false,false,false,false,false
193,1,30046,false,1,108,3,0,0,60,60,255,0,true,true,true,false,false,true,0,true,false,true,false,false,true,"",5,13,63,112195,0,-1,false,false,false,false,false,false,false,false,false,false,false,false,false,false,false
194,1,5003,false,1,108,1,0,0,1,60,0,0,false,false,true,false,false,false,0,false,false,false,false,false,true,"",7,0,0,0,0,-1,false,false,false,false,false,false,false,false,false,false,false,false,false,false,false
195,3,2,false,0,109,12,0,0,1,0,0,0,true,true,false,false,false,false,0,true,false,true,false,false,false,"",19,4,0,112197,0,-1,false,false,false,false,false,false,false,false,false,false,false,false,false,false,false
196,1,47,false,1,108,2,0,0,60,60,210,0,true,true,true,false,false,true,0,true,false,true,false,false,true,"",2,7,55,112187,0,-1,false,true,false,false,false,false,false,false,true,false,false,false,false,false,false
197,4,1,true,0,109,10,3,1,1,0,0,0,false,false,false,false,false,false,0,true,false,true,false,false,false,"萌宠之王：玩家对战（绩点赛）",19,5,2,112199,0,-1,false,false,false,false,false,false,false,false,false,false,false,false,false,false,false
198,4,2,true,0,109,10,3,1,1,0,0,0,false,false,false,false,false,false,0,true,false,true,false,false,false,"萌宠之王：大赛对战",19,5,3,112200,0,-1,false,false,false,false,false,false,false,false,false,false,false,false,false,false,false
199,4,3,true,0,109,10,3,2,1,0,0,0,false,false,false,false,false,false,0,true,false,true,false,false,false,"萌宠之王：玩家对战（无绩点赛）",19,5,1,112198,0,-1,false,false,false,false,false,false,false,false,false,false,false,false,false,false,false
200,1,40013,true,0,110,15,0,0,30,70,0,0,false,false,false,false,false,false,0,true,false,true,false,false,true,"",6,24,30,112220,0,-1,false,false,false,false,false,false,false,false,false,false,false,false,false,false,false
201,1,40014,true,0,110,14,0,0,30,70,0,0,false,false,false,false,false,false,0,true,false,true,false,false,true,"",6,24,31,112220,0,-1,false,false,false,false,false,false,false,false,false,false,false,false,false,false,false
202,2,4,false,1,108,8,0,0,60,0,179,0,true,true,true,false,false,true,1,false,false,true,false,false,true,"",23,0,4,112119,0,-1,false,false,false,false,false,false,false,false,false,false,false,false,false,false,false
203,2,5,false,1,108,8,0,0,60,0,179,0,true,true,true,false,false,true,1,false,false,true,false,false,true,"",23,0,5,112120,0,-1,false,false,false,false,false,false,false,false,false,false,false,false,false,false,false
204,1,60006,false,0,108,11,0,0,1,0,0,0,true,true,true,false,false,false,0,false,false,true,false,false,true,"",21,0,0,112171,0,-1,false,false,false,false,false,false,false,false,false,false,false,false,false,false,false
205,1,60007,false,0,108,11,0,0,1,0,0,0,true,true,true,false,false,false,0,false,false,true,false,false,true,"",21,0,0,112172,0,-1,false,false,false,false,false,false,false,false,false,false,false,false,false,false,false
206,1,60008,false,0,108,11,0,0,1,0,0,0,true,true,true,false,false,false,0,false,false,true,false,false,true,"",21,0,0,112173,0,-1,false,false,false,false,false,false,false,false,false,false,false,false,false,false,false
207,1,60009,false,0,108,11,0,0,1,0,0,0,true,true,true,false,false,false,0,false,false,true,false,false,true,"",21,0,0,112174,0,-1,false,false,false,false,false,false,false,false,false,false,false,false,false,false,false
208,1,60010,false,0,108,11,0,0,1,0,0,0,true,true,true,false,false,false,0,false,false,true,false,false,true,"",21,0,0,112175,0,-1,false,false,false,false,false,false,false,false,false,false,false,false,false,false,false
209,1,60011,false,0,108,11,0,0,1,0,0,0,true,true,true,false,false,false,0,false,false,true,false,false,true,"",21,0,0,112176,0,-1,false,false,false,false,false,false,false,false,false,false,false,false,false,false,false
210,1,60012,false,0,108,11,0,0,1,0,0,0,true,true,true,false,false,false,0,false,false,true,false,false,true,"",21,0,0,112177,0,-1,false,false,false,false,false,false,false,false,false,false,false,false,false,false,false
211,1,60013,false,0,108,11,0,0,1,0,0,0,true,true,true,false,false,false,0,false,false,true,false,false,true,"",21,0,0,112178,0,-1,false,false,false,false,false,false,false,false,false,false,false,false,false,false,false
212,1,60014,false,0,108,11,0,0,1,0,0,0,true,true,true,false,false,false,0,false,false,true,false,false,true,"",21,0,0,112179,0,-1,false,false,false,false,false,false,false,false,false,false,false,false,false,false,false
213,1,60015,false,0,108,11,0,0,1,0,0,0,true,true,true,false,false,false,0,false,false,true,false,false,true,"",21,0,0,112180,0,-1,false,false,false,false,false,false,false,false,false,false,false,false,false,false,false
214,1,60016,false,0,108,11,0,0,1,0,0,0,true,true,true,false,false,false,0,false,false,true,false,false,true,"",21,0,0,112181,0,-1,false,false,false,false,false,false,false,false,false,false,false,false,false,false,false
215,1,60017,false,0,108,11,0,0,1,0,0,0,true,true,true,false,false,false,0,false,false,true,false,false,true,"",21,0,0,112182,0,-1,false,false,false,false,false,false,false,false,false,false,false,false,false,false,false
216,1,60018,false,0,108,11,0,0,1,0,0,0,true,true,true,false,false,false,0,false,false,true,false,false,true,"",21,0,0,112183,0,-1,false,false,false,false,false,false,false,false,false,false,false,false,false,false,false
217,1,60019,false,0,108,11,0,0,1,0,0,0,true,true,true,false,false,false,0,false,false,true,false,false,true,"",21,0,0,112184,0,-1,false,false,false,false,false,false,false,false,false,false,false,false,false,false,false
218,1,60020,false,0,108,11,0,0,1,0,0,0,true,true,true,false,false,false,0,false,false,true,false,false,true,"",21,0,0,112185,0,-1,false,false,false,false,false,false,false,false,false,false,false,false,false,false,false
219,1,48,false,1,108,2,0,0,60,60,230,0,true,true,true,false,false,true,0,true,false,true,false,false,true,"",2,7,56,112214,0,-1,false,true,false,false,false,false,false,false,true,false,false,false,false,false,false
220,1,30047,false,1,108,4,0,0,60,60,235,0,true,true,true,false,false,false,0,true,false,true,false,false,true,"",5,15,32,112203,0,-1,false,false,false,false,false,false,false,false,true,false,false,false,false,false,true
221,1,49,false,1,108,2,0,0,60,60,230,0,true,true,true,false,false,true,0,true,false,true,false,false,true,"",2,7,57,112215,0,-1,false,true,false,false,false,false,false,false,true,false,false,false,false,false,false
222,1,5004,false,1,108,1,0,0,1,60,0,0,false,false,true,false,false,false,0,false,false,false,false,false,true,"",7,0,0,0,0,-1,false,false,false,false,false,false,false,false,false,false,false,false,false,false,false
223,1,20043,false,1,108,3,0,0,60,60,235,0,true,true,true,false,false,true,0,true,false,true,false,false,true,"",4,9,116,112212,0,-1,false,false,false,false,false,true,false,false,true,false,false,false,false,false,false
224,1,20044,false,1,108,3,0,0,60,60,250,0,true,true,true,false,false,true,0,true,false,true,false,false,true,"",4,20,126,112213,0,-1,false,false,false,false,false,false,false,false,true,false,false,false,false,false,false
225,2,6,false,1,108,8,0,0,60,60,220,0,true,true,true,false,false,true,1,false,false,true,false,false,true,"",23,0,6,112221,0,-1,false,false,false,false,false,false,false,false,false,false,false,false,false,false,false
226,0,0,false,0,0,0,0,0,0,0,0,0,false,false,false,false,false,false,0,false,false,false,false,false,false,"",0,0,0,0,0,0,false,false,false,false,false,false,false,false,false,false,false,false,false,false,false
227,1,40015,true,0,110,17,3,2,30,70,0,0,false,false,false,false,false,false,0,false,false,true,false,false,true,"",6,1,0,112217,0,-1,false,false,false,false,false,false,false,false,false,true,false,false,false,false,false
228,1,40016,true,0,110,6,3,1,30,70,0,0,false,false,false,false,false,false,0,false,false,true,false,false,true,"",6,1,0,112223,0,-1,false,false,false,false,false,false,false,false,false,false,true,false,false,false,false
229,0,0,false,0,0,0,0,0,0,0,0,0,false,false,false,false,false,false,0,false,false,false,false,false,false,"",0,0,0,0,0,0,false,false,false,false,false,false,false,false,false,false,false,false,false,false,false
230,1,40018,true,0,110,6,3,1,30,70,0,0,false,false,false,true,true,false,0,false,false,true,false,false,true,"",6,1,0,112218,0,-1,false,false,false,false,false,false,false,false,false,false,false,false,true,false,false
231,0,0,false,0,0,0,0,0,0,0,0,0,false,false,false,false,false,false,0,false,false,false,false,false,false,"",0,0,0,0,0,0,false,false,false,false,false,false,false,false,false,false,false,false,false,false,false
232,1,40020,true,0,110,15,0,0,30,70,0,0,false,false,false,false,false,false,0,true,false,true,false,false,true,"",6,24,32,112220,0,-1,false,false,false,false,false,false,false,false,false,false,false,false,false,false,false
233,1,40021,true,0,110,14,0,0,30,70,0,0,false,false,false,false,false,false,0,true,false,true,false,false,true,"",6,24,33,112220,0,-1,false,false,false,false,false,false,false,false,false,false,false,false,false,false,false
234,2,7,false,1,108,16,0,0,60,60,179,0,true,true,true,false,false,true,1,false,false,true,false,false,true,"",23,0,7,112222,0,-1,false,false,false,false,false,false,false,false,false,false,false,false,false,false,false
235,1,50,false,2,108,2,0,0,63,64,0,0,false,true,true,false,false,true,0,true,false,true,false,false,true,"",2,0,59,112227,0,-1,true,false,false,false,false,false,false,false,true,false,false,false,false,false,false
236,1,51,false,2,108,2,0,0,70,70,280,0,false,true,true,false,false,true,0,true,false,true,false,false,true,"",2,0,65,112233,0,-1,false,false,false,false,true,false,false,false,true,false,false,false,false,false,false
237,1,5005,false,2,108,1,0,0,1,63,0,0,false,false,true,false,false,false,0,false,false,false,false,false,true,"",7,0,0,0,0,-1,false,false,false,false,false,false,false,false,false,false,false,false,false,false,false
238,1,52,false,2,108,2,0,0,61,62,0,0,false,true,true,false,false,true,0,true,false,true,false,false,true,"",2,0,58,112226,0,-1,true,false,false,false,false,false,false,false,true,false,false,false,false,false,false
239,1,20045,false,2,108,3,0,0,70,70,280,0,false,true,true,false,false,true,0,true,false,true,false,false,true,"",4,0,132,112244,0,-1,false,false,false,false,false,true,false,false,true,false,false,false,false,false,false
240,1,53,false,2,108,2,0,0,65,66,0,0,false,true,true,false,false,true,0,true,false,true,false,false,true,"",2,0,60,112228,0,-1,true,false,false,false,false,false,false,false,true,false,false,false,false,false,false
241,1,54,false,2,108,2,0,0,67,68,0,0,false,true,true,false,false,true,0,true,false,true,false,false,true,"",2,0,61,112229,0,-1,true,false,false,false,false,false,false,false,true,false,false,false,false,false,false
242,1,55,false,2,108,2,0,0,69,70,0,290,false,true,true,false,false,true,0,true,false,true,false,false,true,"",2,0,62,112230,0,-1,true,false,false,false,false,false,false,false,true,false,false,false,false,false,false
243,1,20046,false,2,108,3,0,0,63,64,0,0,false,true,true,false,false,true,0,true,false,true,false,false,true,"",4,0,130,112242,0,-1,false,false,false,false,false,true,false,false,true,false,false,false,false,false,false
244,1,20047,false,2,108,3,0,0,70,70,300,0,false,true,true,false,false,true,0,true,false,true,false,false,true,"",4,22,150,112245,0,-1,false,false,false,false,false,false,false,false,false,false,false,false,false,false,false
245,1,5007,false,2,108,1,0,0,70,70,0,0,false,false,true,false,false,false,0,false,false,false,false,false,true,"",7,0,0,0,0,-1,false,false,false,false,false,false,false,false,false,false,false,false,false,false,false
246,1,5008,false,2,108,1,0,0,1,68,0,0,false,false,true,false,false,false,0,false,false,false,false,false,true,"",7,0,0,0,0,-1,false,false,false,false,false,false,false,false,false,false,false,false,false,false,false
247,1,56,false,2,108,2,0,0,70,70,280,310,false,true,true,false,false,true,0,true,false,true,false,false,true,"",2,0,63,112231,0,-1,false,false,false,false,true,false,false,false,true,false,false,false,false,false,false
248,1,5009,false,2,108,1,0,0,54,56,0,0,false,false,true,false,false,false,0,false,false,false,false,false,true,"",7,0,0,0,0,-1,false,false,false,false,false,false,false,false,false,false,false,false,false,false,false
249,1,5010,false,2,108,1,0,0,60,62,0,0,false,false,true,false,false,false,0,false,false,false,false,false,true,"",7,0,0,0,0,-1,false,false,false,false,false,false,false,false,false,false,false,false,false,false,false
250,1,5011,false,2,108,1,0,0,65,67,0,0,false,false,true,false,false,false,0,false,false,false,false,false,true,"",7,0,0,0,0,-1,false,false,false,false,false,false,false,false,false,false,false,false,false,false,false
251,1,5012,false,2,108,1,0,0,70,70,0,0,false,false,true,false,false,false,0,false,false,false,false,false,true,"",7,0,0,0,0,-1,false,false,false,false,false,false,false,false,false,false,false,false,false,false,false
252,1,30049,false,2,108,3,0,0,70,70,295,0,false,true,true,false,false,true,0,true,false,true,false,false,true,"",5,0,67,112234,0,-1,false,false,false,false,false,false,false,false,true,false,false,false,false,false,false
253,1,30050,false,2,108,3,0,0,70,70,295,0,false,true,true,false,false,true,0,true,false,true,false,false,true,"",5,0,68,112235,0,-1,false,false,false,false,false,false,false,false,true,false,false,false,false,false,false
254,1,30051,false,2,108,3,0,0,70,70,295,0,false,true,true,false,false,true,0,true,false,true,false,false,true,"",5,0,69,112236,0,-1,false,false,false,false,false,false,false,false,true,false,false,false,false,false,false
255,1,30052,false,2,108,3,0,0,70,70,295,0,false,true,true,false,false,true,0,true,false,true,false,false,true,"",5,0,70,112237,0,-1,false,false,false,false,false,false,false,false,true,false,false,false,false,false,false
256,1,30053,false,2,110,3,0,0,70,70,310,0,false,false,true,false,false,true,0,false,true,true,true,false,true,"",5,0,79,112238,0,-1,false,false,false,false,false,false,false,false,false,false,false,false,false,false,false
257,1,30054,false,2,110,3,0,0,70,70,315,0,false,false,true,false,false,true,0,false,true,true,true,false,true,"",5,0,80,112239,0,-1,false,false,false,false,false,false,false,false,false,false,false,false,false,false,false
258,1,30055,false,2,110,3,0,0,70,70,320,0,false,false,true,false,false,true,0,false,true,true,true,false,true,"",5,0,81,112240,0,-1,false,false,false,false,false,false,false,false,false,false,false,false,false,false,false
259,1,30056,false,2,110,3,0,0,70,70,320,0,false,false,true,false,false,true,0,false,true,true,true,false,true,"",5,0,82,112241,0,-1,false,false,false,false,false,false,false,false,false,false,false,false,false,false,false
260,1,5013,false,2,108,1,0,0,60,62,0,0,false,false,true,false,false,false,0,false,false,false,false,false,true,"",7,0,0,0,0,-1,false,false,false,false,false,false,false,false,false,false,false,false,false,false,false
261,1,5006,false,2,108,1,0,0,63,65,0,0,false,false,true,false,false,false,0,false,false,false,false,false,true,"",7,0,0,0,0,-1,false,false,false,false,false,false,false,false,false,false,false,false,false,false,false
262,1,57,false,2,108,2,0,0,70,70,280,0,false,true,true,false,false,true,0,true,false,true,false,false,true,"",2,0,64,112232,0,-1,false,false,false,false,true,false,false,false,true,false,false,false,false,false,false
263,1,20048,false,2,108,3,0,0,67,68,0,0,false,true,true,false,false,true,0,true,false,true,false,false,true,"",4,0,131,112243,0,-1,false,false,false,false,false,true,false,false,true,false,false,false,false,false,false
264,1,20049,false,2,108,3,0,0,70,70,300,0,false,true,true,false,false,true,0,true,false,true,false,false,true,"",4,22,151,112246,0,-1,false,false,false,false,false,false,false,false,false,false,false,false,false,false,false
265,1,5014,false,2,108,1,0,0,70,70,0,0,false,false,true,false,false,false,0,false,false,false,false,false,true,"",7,0,0,0,0,-1,false,false,false,false,false,false,false,false,false,false,false,false,false,false,false
266,1,5015,false,2,108,1,0,0,70,70,0,0,false,false,true,false,false,false,0,false,false,false,false,false,true,"",7,0,0,0,0,-1,false,false,false,false,false,false,false,false,false,false,false,false,false,false,false
267,1,5016,false,2,108,1,0,0,68,70,0,0,false,false,true,false,false,false,0,false,false,false,false,false,true,"",7,0,0,0,0,-1,false,false,false,false,false,false,false,false,false,false,false,false,false,false,false
268,1,55002,false,2,108,3,0,0,1,0,0,310,true,false,true,false,false,false,0,false,false,false,false,true,true,"",9,0,0,0,0,-1,false,false,false,false,false,false,false,false,false,false,false,false,false,false,false
269,1,5017,false,2,108,1,0,0,1,70,0,0,false,false,true,false,false,false,0,false,false,false,false,false,true,"",7,0,0,0,0,-1,false,false,false,false,false,false,false,false,false,false,false,false,false,false,false
270,1,5018,false,2,108,1,0,0,70,70,0,0,false,false,true,false,false,false,0,false,false,false,false,false,true,"",7,0,0,0,0,-1,false,false,false,false,false,false,false,false,false,false,false,false,false,false,false
271,1,5019,false,2,108,1,0,0,65,67,0,0,false,false,true,false,false,false,0,false,false,false,false,false,true,"",7,0,0,0,0,-1,false,false,false,false,false,false,false,false,false,false,false,false,false,false,false
272,1,5020,false,2,108,1,0,0,70,70,0,0,false,false,true,false,false,false,0,false,false,false,false,false,true,"",7,0,0,0,0,-1,false,false,false,false,false,false,false,false,false,false,false,false,false,false,false
273,1,5021,false,2,108,1,0,0,70,70,0,0,false,false,true,false,false,false,0,false,false,false,false,false,true,"",7,0,0,0,0,-1,false,false,false,false,false,false,false,false,false,false,false,false,false,false,false
274,1,5022,false,2,108,1,0,0,70,70,0,0,false,false,true,false,false,false,0,false,false,false,false,false,true,"",7,0,0,0,0,-1,false,false,false,false,false,false,false,false,false,false,false,false,false,false,false
275,1,5023,false,2,108,1,0,0,1,70,0,0,false,false,true,false,false,false,0,false,false,false,false,false,true,"",7,0,0,0,0,-1,false,false,false,false,false,false,false,false,false,false,false,false,false,false,false
276,1,55003,false,2,108,3,0,0,1,0,0,340,true,false,true,false,false,false,0,false,false,false,false,true,true,"",9,0,0,0,0,-1,false,false,false,false,false,false,false,false,false,false,false,false,false,false,false
277,1,51001,true,0,110,18,0,0,30,70,0,0,false,true,false,false,false,false,0,true,false,true,false,false,true,"",6,23,200,112257,0,-1,false,false,false,false,false,false,false,false,false,false,false,false,false,false,false
278,1,20050,false,2,108,3,0,0,70,70,320,0,false,true,true,false,false,true,0,false,true,true,false,false,true,"",4,0,152,112258,0,-1,false,false,false,false,false,false,false,false,false,false,false,false,false,false,false
279,1,58,false,2,108,2,0,0,70,70,300,0,false,true,true,false,false,true,0,true,false,true,false,false,true,"",2,0,66,112255,0,-1,false,false,false,false,true,false,false,false,true,false,false,false,false,false,false
280,1,30057,false,2,108,3,1,0,70,70,0,0,false,false,true,false,false,true,0,false,true,true,false,false,true,"",5,0,91,112261,0,-1,false,false,false,false,false,false,false,false,false,false,false,false,false,false,false
281,1,30058,false,2,108,4,0,0,70,70,305,0,false,true,false,false,false,false,0,true,false,true,false,false,true,"",5,18,64,112256,0,0,false,false,false,false,false,false,false,false,true,false,false,false,false,false,false
282,1,5024,false,2,108,1,0,0,1,70,0,0,false,false,true,false,false,false,0,false,false,false,false,false,true,"",7,0,0,0,0,-1,false,false,false,false,false,false,false,false,false,false,false,false,false,false,false
283,0,0,false,0,0,0,0,0,0,0,0,0,false,false,false,false,false,false,0,false,false,false,false,false,false,"",0,0,0,0,0,0,false,false,false,false,false,false,false,false,false,false,false,false,false,false,false
