Index,0 [UBYTE] [0x10],1 [UBYTE] [0x24],2 [UBYTE] [0x38],3 [UBYTE] [0x4C],4 [UBYTE] [0x60],5 [UBYTE] [0x74],6 [UBYTE] [0x88],7 [UBYTE] [0x9C],8 [UINT] [0x0],9 [UINT] [0x14],10 [UINT] [0x28],11 [UINT] [0x3C],12 [UINT] [0x50],13 [UINT] [0x64],14 [UINT] [0x78],15 [UINT] [0x8C],16 [INT] [0x4],17 [INT] [0x18],18 [INT] [0x2C],19 [INT] [0x40],20 [INT] [0x54],21 [INT] [0x68],22 [INT] [0x7C],23 [INT] [0x90],24 [INT] [0x8],25 [INT] [0x1C],26 [INT] [0x30],27 [INT] [0x44],28 [INT] [0x58],29 [INT] [0x6C],30 [INT] [0x80],31 [INT] [0x94],32 [INT] [0xC],33 [INT] [0x20],34 [INT] [0x34],35 [INT] [0x48],36 [INT] [0x5C],37 [INT] [0x70],38 [INT] [0x84],39 [INT] [0x98],40 [BBOOL] [0x12],41 [BBOOL] [0x26],42 [BBOOL] [0x3A],43 [BBOOL] [0x4E],44 [BBOOL] [0x62],45 [BBOOL] [0x76],46 [BBOOL] [0x8A],47 [BBOOL] [0x9E],48 [UBYTE] [0x11],49 [UBYTE] [0x25],50 [UBYTE] [0x39],51 [UBYTE] [0x4D],52 [UBYTE] [0x61],53 [UBYTE] [0x75],54 [UBYTE] [0x89],55 [UBYTE] [0x9D],56 [STRING] [0xA0],57 [STRING] [0xA4],58 [STRING] [0xA8],59 [STRING] [0xAC],60 [STRING] [0xB0],61 [STRING] [0xB4],62 [STRING] [0xB8],63 [STRING] [0xBC]
0,2,2,2,2,2,2,2,2,0,0,0,0,0,0,0,0,1,1,1,1,1,1,1,1,0,0,0,0,0,0,0,0,0,0,0,0,0,0,0,0,false,false,false,false,false,false,false,false,0,0,0,0,0,0,0,0,"","","","","","","",""
1,0,0,0,0,0,0,0,0,0,0,0,0,0,0,0,0,0,0,0,0,0,0,0,0,0,0,0,0,0,0,0,0,0,0,0,0,0,0,0,0,false,false,false,false,false,false,false,false,0,0,0,0,0,0,0,0,"","","","","","","",""
2,0,0,0,0,0,0,0,0,0,0,0,0,0,0,0,0,0,0,0,0,0,0,0,0,0,0,0,0,0,0,0,0,0,0,0,0,0,0,0,0,false,false,false,false,false,false,false,false,0,0,0,0,0,0,0,0,"","","","","","","",""
3,0,0,0,0,0,0,0,0,0,0,0,0,0,0,0,0,0,0,0,0,0,0,0,0,0,0,0,0,0,0,0,0,0,0,0,0,0,0,0,0,false,false,false,false,false,false,false,false,0,0,0,0,0,0,0,0,"","","","","","","",""
4,2,2,2,2,2,2,2,2,0,0,0,0,0,0,0,0,1,1,1,1,1,1,1,1,0,0,0,0,0,0,0,0,0,0,0,0,0,0,0,0,false,false,false,false,false,false,false,false,0,6,0,0,0,0,0,0,"你能来给我们帮把手吗？<br>再不快点把果实都收下来的话，就要被奥猴们抢走了！","要帮忙收果实吗？<br><br><color #FF7B1A>※此危命任务的推荐等级为<value>级。</color>","","","那就交给你了！","","好吧……那我再去问问别人。",""
5,2,2,2,2,2,2,2,2,0,0,0,0,0,0,0,0,1,1,1,1,1,1,1,1,0,0,0,0,0,0,0,0,0,0,0,0,0,0,0,0,false,false,false,false,false,false,false,false,0,5,0,0,0,0,0,0,"帮我把果实摘过来了吗？","","","","多谢！","","哎？还没吗？抓紧时间啊！",""
6,2,2,2,2,2,2,2,2,0,0,0,0,0,0,0,0,1,1,1,1,1,1,1,1,0,0,0,0,0,0,0,0,0,0,0,0,0,0,0,0,false,false,false,false,false,false,false,false,0,0,0,0,0,0,0,0,"快把果实收下来拿给我！","","","","","","",""
7,2,2,2,2,2,2,2,2,0,0,0,0,0,0,0,0,1,1,1,1,1,1,1,1,0,0,0,0,0,0,0,0,0,0,0,0,0,0,0,0,false,false,false,false,false,false,false,false,0,0,6,0,0,0,0,0,"这帮狡猾的偷猎者！<br>他们打算将偷猎的货物藏起来蒙混过去！","我们不能让他们得逞，一定要把证据揪出来！<br>冒险者，能借给我们你的力量么？","要去收集证据吗？<br><br><color #FF7B1A>※此危命任务的推荐等级为<value>级。</color>","","很好，拜托你了。","","嗯……那也没办法……<br>我们就自行去收集证据了！",""
8,2,2,2,2,2,2,2,2,0,0,0,0,0,0,0,0,1,1,1,1,1,1,1,1,0,0,0,0,0,0,0,0,0,0,0,0,0,0,0,0,false,false,false,false,false,false,false,false,0,5,0,0,0,0,0,0,"你找到偷猎的证据了吗？","","","","干得漂亮！如果还能发现其他的也务必要交给我。","","好吧，一旦发现了请立刻交给我。",""
9,2,2,2,2,2,2,2,2,0,0,0,0,0,0,0,0,1,1,1,1,1,1,1,1,0,0,0,0,0,0,0,0,0,0,0,0,0,0,0,0,false,false,false,false,false,false,false,false,0,0,0,0,0,0,0,0,"去收集偷猎的证据给我！","","","","","","",""
10,2,2,2,2,2,2,2,2,0,0,0,0,0,0,0,0,1,1,1,1,1,1,1,1,0,0,0,0,0,0,0,0,0,0,0,0,0,0,0,0,false,false,false,false,false,false,false,false,0,0,6,0,0,0,0,0,"可恶的哥布林……<br>我稍微大意了点……他们居然把商品全都给抢走了……","这位冒险者！<br>你能帮我把商品从该死的哥布林那里抢回来吗？！","要去夺回商品吗？<br><br><color #FF7B1A>※此危命任务的推荐等级为<value>级。</color>","","一定要让他们长点记性！","","你居然……我记住你了！等着瞧！",""
11,2,2,2,2,2,2,2,2,0,0,0,0,0,0,0,0,1,1,1,1,1,1,1,1,0,0,0,0,0,0,0,0,0,0,0,0,0,0,0,0,false,false,false,false,false,false,false,false,0,5,0,0,0,0,0,0,"我的商品都没事吧？","","","","好像还缺了一些！<br>一定要全都抢回来！","","真是的！不要光动嘴！也得动点手啊！",""
12,2,2,2,2,2,2,2,2,0,0,0,0,0,0,0,0,1,1,1,1,1,1,1,1,0,0,0,0,0,0,0,0,0,0,0,0,0,0,0,0,false,false,false,false,false,false,false,false,0,0,0,0,0,0,0,0,"要把我的商品从哥布林那里抢回来！","","","","","","",""
13,2,2,2,2,2,2,2,2,0,0,0,0,0,0,0,0,1,1,1,1,1,1,1,1,0,0,0,0,0,0,0,0,0,0,0,0,0,0,0,0,false,false,false,false,false,false,false,false,0,5,0,0,0,0,0,0,"你手上的那块石头碎片……<br>能转让给我吗？","要给他吗？","","","嗯……是块不错的石头。<br>如果你还看到了其他这种石头，也请交给我吧。","","好吧……真可惜。",""
14,2,2,2,2,2,2,2,2,0,0,0,0,0,0,0,0,1,1,1,1,1,1,1,1,0,0,0,0,0,0,0,0,0,0,0,0,0,0,0,0,false,false,false,false,false,false,false,false,0,0,0,0,0,0,0,0,"就是构成巨像兵身体的石头……<br>是我现在最关注的研究。","要是你还能找到这类石头，<br>也请带给我看看吧。","","","","","",""
15,2,2,2,2,2,2,2,2,0,0,0,0,0,0,0,0,1,1,1,1,1,1,1,1,0,0,0,0,0,0,0,0,0,0,0,0,0,0,0,0,false,false,false,false,false,false,false,false,0,0,0,0,0,0,0,0,"收集到这么多应该差不多够了。","","","","","","",""
16,2,2,2,2,2,2,2,2,0,0,0,0,0,0,0,0,1,1,1,1,1,1,1,1,0,0,0,0,0,0,0,0,0,0,0,0,0,0,0,0,false,false,false,false,false,false,false,false,0,0,0,0,0,0,0,0,"帮我收集了这么多，真是非常感谢。","","","","","","",""
17,2,2,2,2,2,2,2,2,0,0,0,0,0,0,0,0,1,1,1,1,1,1,1,1,0,0,0,0,0,0,0,0,0,0,0,0,0,0,0,0,false,false,false,false,false,false,false,false,0,0,0,0,0,0,0,0,"一、二、三……就这些？","","","","","","",""
18,2,2,2,2,2,2,2,2,0,0,0,0,0,0,0,0,1,1,1,1,1,1,1,1,0,0,0,0,0,0,0,0,0,0,0,0,0,0,0,0,false,false,false,false,false,false,false,false,0,0,0,0,0,0,0,0,"收到了很多好石头，真不错。","","","","","","",""
19,2,2,2,2,2,2,2,2,0,0,0,0,0,0,0,0,1,1,1,1,1,1,1,1,0,0,0,0,0,0,0,0,0,0,0,0,0,0,0,0,false,false,false,false,false,false,false,false,0,0,0,6,0,0,0,0,"那个……能问您点事吗？","我们一会要和教官进行模拟战考试……<br>是以班为单位的……但是……","但是我们现在人数不够……<br>正在找看有没有其他合适的人，<br>您能来帮个忙吗？","要参与进去帮他们吗？<br><br><color #FF7B1A>※此危命任务的推荐等级为<value>级。</color>","","","唉……<br>真希望下次别再以班级为单位行动了……",""
20,2,2,2,2,2,2,2,2,0,0,0,0,0,0,0,0,1,1,1,1,1,1,1,1,0,0,0,0,0,0,0,0,0,0,0,0,0,0,0,0,false,false,false,false,false,false,false,false,0,0,0,6,0,0,0,0,"我们的蜜蜂采蜜的花<br>就快要被附近的蛞蝓给吃光了……","最近蛞蝓的数量越来越多，<br>而且还都是群体行动，<br>今天估计也快来了……","冒险者朋友，你能来帮帮我们吗？","帮着做点什么吗？<br><br><color #FF7B1A>※此危命任务的推荐等级为<value>级。</color>","真的吗？太好了！马上就来了，要小心啊！","","这么下去的话蜂蜜<br>产量也会受到影响……",""
21,2,2,2,2,2,2,2,2,0,0,0,0,0,0,0,0,1,1,1,1,1,1,1,1,0,0,0,0,0,0,0,0,0,0,0,0,0,0,0,0,false,false,false,false,false,false,false,false,0,0,0,0,0,0,0,0,"打倒那些树生蛞蝓！","","","","","","",""
22,2,2,2,2,2,2,2,2,0,0,0,0,0,0,0,0,1,1,1,1,1,1,1,1,0,0,0,0,0,0,0,0,0,0,0,0,0,0,0,0,false,false,false,false,false,false,false,false,0,0,0,6,0,0,0,0,"喂，你是冒险者吧，<br>能过来帮我个忙么？我已经受不了了！","斯宾塞那个混蛋一喝完酒就肯定要耍酒疯。<br>他明明知道酒馆里的规矩还总犯事！","以前还想着只是我一个人的话就算了，<br>不过成天这样我可是再也忍不下去了！<br>你能帮我收拾收拾他么？","要出手吗？<br><br><color #FF7B1A>※此危命任务的推荐等级为<value>级。</color>","","","那谁能来帮我们啊！",""
23,2,2,2,2,2,2,2,2,0,0,0,0,0,0,0,0,1,1,1,1,1,1,1,1,0,0,0,0,0,0,0,0,0,0,0,0,0,0,0,0,false,false,false,false,false,false,false,false,0,0,0,0,0,0,0,0,"快把那个醉鬼处理掉！","","","","","","",""
24,2,2,2,2,2,2,2,2,0,0,0,0,0,0,0,0,1,1,1,1,1,1,1,1,0,0,0,0,0,0,0,0,0,0,0,0,0,0,0,0,false,false,false,false,false,false,false,false,6,0,0,0,0,0,0,0,"要进入红腹蜂巢吗？","要进入大门吗？","","","","","",""
25,2,2,2,2,2,2,2,2,0,0,0,0,0,0,0,0,1,1,1,1,1,1,1,1,0,0,0,0,0,0,0,0,0,0,0,0,0,0,0,0,false,false,false,false,false,false,false,false,0,0,0,6,0,0,0,0,"我们接到线报，<br>说南侧的野营地里发现了偷猎者和哥布林族正在进行交易。<br>我们必须立刻动身前去捉拿这些罪人。","偷猎者和哥布林族的交涉貌似不是很顺利，<br>他们已经开始产生了摩擦。<br>这是我们的大好机会！","冒险者，请来协助我们吧。<br>趁他们还在混乱中发动进攻，<br>将这些扰乱森林治安的罪人一举击破！","要帮忙吗？<br><br><color #FF7B1A>※此危命任务的推荐等级为<value>级。</color>","好！那就拜托你了！","","竟然逃避为森林尽义务的机会……<br>你真是个不明事理的人。",""
26,2,2,2,2,2,2,2,2,0,0,0,0,0,0,0,0,1,1,1,1,1,1,1,1,0,0,0,0,0,0,0,0,0,0,0,0,0,0,0,0,false,false,false,false,false,false,false,false,0,0,0,0,0,0,0,0,"让那些不法之徒知道森林里没有容忍他们恶行的空间！","","","","","","",""
27,2,2,2,2,2,2,2,2,0,0,0,0,0,0,0,0,1,1,1,1,1,1,1,1,0,0,0,0,0,0,0,0,0,0,0,0,0,0,0,0,false,false,false,false,false,false,false,false,0,0,6,0,0,0,0,0,"調子にのったキキルンの闇商人どもが偽造品を売り歩いているらしい。（仮）","これ以上被害者を増やさないためにも、やつらが持っている偽造品を回収してきてくれないか？（仮）","偽造品を回収してきますか？（仮）","","よし、頼んだぞ！（仮）","","仕方ない、残念だ。（仮）",""
28,2,2,2,2,2,2,2,2,0,0,0,0,0,0,0,0,1,1,1,1,1,1,1,1,0,0,0,0,0,0,0,0,0,0,0,0,0,0,0,0,false,false,false,false,false,false,false,false,0,5,0,0,0,0,0,0,"やつらから偽造品を回収してきたのか？（仮）","","","","よくやった。また見つけたら持ってきてくれ。（仮）","","そうか、見つけたらすぐ持ってきてくれ。（仮）",""
29,2,2,2,2,2,2,2,2,0,0,0,0,0,0,0,0,1,1,1,1,1,1,1,1,0,0,0,0,0,0,0,0,0,0,0,0,0,0,0,0,false,false,false,false,false,false,false,false,0,0,0,0,0,0,0,0,"闇商人どもが持っている偽造品を回収してきてくれ！（仮）","","","","","","",""
30,2,2,2,2,2,2,2,2,0,0,0,0,0,0,0,0,1,1,1,1,1,1,1,1,0,0,0,0,0,0,0,0,0,0,0,0,0,0,0,0,false,false,false,false,false,false,false,false,0,0,0,0,0,0,0,0,"これだけ回収すれば、しばらくやつらの商売もあがったりだろう。（仮）","","","","","","",""
31,2,2,2,2,2,2,2,2,0,0,0,0,0,0,0,0,1,1,1,1,1,1,1,1,0,0,0,0,0,0,0,0,0,0,0,0,0,0,0,0,false,false,false,false,false,false,false,false,0,0,0,6,0,0,0,0,"是冒险者？！<br>你来得正好！快来帮忙！","那群小魔精盯上了我们的蜂蜜。<br>他们不光想要将蜂蜜抢走，<br>甚至对蜜蜂也发起了攻击。","恐怕马上就又要发动攻击了……<br>求求你，看在我家蜂蜜的份上<br>帮我将那些小魔精赶跑吧！","要帮忙吗？<br><br><color #FF7B1A>※此危命任务的推荐等级为<value>级。</color>","","","你怎么可以这样……<br>以后就没有蜂蜜了啊！",""
32,2,2,2,2,2,2,2,2,0,0,0,0,0,0,0,0,1,1,1,1,1,1,1,1,0,0,0,0,0,0,0,0,0,0,0,0,0,0,0,0,false,false,false,false,false,false,false,false,0,0,0,6,0,0,0,0,"呼……<br>终于把拉诺西亚香橙都采摘完了。<br>就剩下运到交货地点去了……","可是等打包好了，<br>到时候那些贪吃的码头沟鼠<br>绝对会聚集到香橙那里去的。","所以拜托你！<br>把那些涌过来的码头沟鼠全部消灭掉，<br>保护重要的装香橙的木箱。","要保护木箱吗？<br><br><color #FF7B1A>※此危命任务的推荐等级为<value>级。</color>","","","怎么这样……<br>明明只能依赖冒险者的……",""
33,2,2,2,2,2,2,2,2,0,0,0,0,0,0,0,0,1,1,1,1,1,1,1,1,0,0,0,0,0,0,0,0,0,0,0,0,0,0,0,0,false,false,false,false,false,false,false,false,0,0,0,6,0,0,0,0,"那个，你能帮我们一把吗？<br>我们想要去救回被卢恩人诱拐的市民。","卢恩人会把那些市民交给蜥蜴人族的。<br>现在他们貌似在进行最终谈判。","这是救回大家的最后机会。<br>拜托你，请助我们一臂之力 ！","要帮忙吗？<br><br><color #FF7B1A>※此危命任务的推荐等级为<value>级。</color>","","","……我明白了。<br>我们好歹也有铜刃团的尊严。",""
34,2,2,2,2,2,2,2,2,0,0,0,0,0,0,0,0,1,1,1,1,1,1,1,1,0,0,0,0,0,0,0,0,0,0,0,0,0,0,0,0,false,false,false,false,false,false,false,false,0,0,0,0,0,0,0,0,"","","","","","","",""
35,2,2,2,2,2,2,2,2,0,0,0,0,0,0,0,0,1,1,1,1,1,1,1,1,0,0,0,0,0,0,0,0,0,0,0,0,0,0,0,0,false,false,false,false,false,false,false,false,0,0,0,6,0,0,0,0,"集合！<br>为了防范帝国兵的袭击，<br>下面我们要进行黑涡团新兵的实战训练！","这项防卫训练的内容是消灭攻过来的黑涡团教导队员，<br>坚守德内维尔关不被突破！","虽然这是项危险的训练，<br>不过如果你愿意，可以允许你参与此次训练。","要参与训练吗？<br><br><color #FF7B1A>※此危命任务的推荐等级为<value>级。</color>","","","那我劝你赶快离开这里，<br>以免被卷入训练。",""
36,2,2,2,2,2,2,2,2,0,0,0,0,0,0,0,0,1,1,1,1,1,1,1,1,0,0,0,0,0,0,0,0,0,0,0,0,0,0,0,0,false,false,false,false,false,false,false,false,0,0,0,6,0,0,0,0,"这不是冒险者么！<br>我们的相遇简直就是命运的安排。","最近，这一带的鼹鼠大量繁殖，<br>把田地钻得坑坑洼洼的，实在很让人头疼。","你能帮我去消灭那些可恨的鼹鼠吗？","要去消灭鼹鼠吗？<br><br><color #FF7B1A>※此危命任务的推荐等级为<value>级。</color>","哦，太好了！<br>……快看，它们出现了！<br>那就拜托你了！","","不爱管这事也是理所当然的啊……嘁。",""
37,2,2,2,2,2,2,2,2,0,0,0,0,0,0,0,0,1,1,1,1,1,1,1,1,0,0,0,0,0,0,0,0,0,0,0,0,0,0,0,0,false,false,false,false,false,false,false,false,0,0,0,0,0,0,0,0,"请帮我们去消灭那些可恨的鼹鼠，拜托了！","","","","","","",""
38,2,2,2,2,2,2,2,2,0,0,0,0,0,0,0,0,1,1,1,1,1,1,1,1,0,0,0,0,0,0,0,0,0,0,0,0,0,0,0,0,false,false,false,false,false,false,false,false,0,0,0,6,0,0,0,0,"你对自己的身手有自信吗？有时间接点事做吗？<br>我想委托你护送我到小阿拉米格。","我需要向那边的部队报告有关蜥蜴人族的情报，<br>这是与战况相关的重要情报。<br>但我在得到这个情报的时候不小心被他们看到了。","如果出动整个部队防范他们的攻击，<br>反而会因为目标过大而成为众矢之的。<br>所以我才想要拜托你来护送我，毕竟你不是这里的人。","要帮忙吗？<br><br><color #FF7B1A>※此危命任务的推荐等级为<value>级。</color>","","","多说无用，请忘了我刚刚说的话。<br>",""
39,2,2,2,2,2,2,2,2,0,0,0,0,0,0,0,0,1,1,1,1,1,1,1,1,0,0,0,0,0,0,0,0,0,0,0,0,0,0,0,0,false,false,false,false,false,false,false,false,0,0,0,6,0,0,0,0,"喂，你是冒险者吧？<br>我想找你帮点忙。","有一种叫做大洋妖红花的花型魔物<br>在这一带长得太茂盛了……很让人头疼。<br>不知道是不是它们根深蒂固了，怎么砍都会再出现。","虽然这么说，但也不能就这么放着不管……<br>我是已经无能为力了。<br>所以能拜托你帮我驱除它们吗？","要帮忙驱除魔物吗？<br><br><color #FF7B1A>※此危命任务的推荐等级为<value>级。</color>","真的么，你会帮我吗？<br>太谢谢了……啊，刚说完它们就出现了！<br>冒险者，快把它们干掉吧！","","嗯……这样啊，你没法帮我么。<br>好吧，我也不能强人所难。<br>等你下次有空的时候再来帮我吧。",""
40,2,2,2,2,2,2,2,2,0,0,0,0,0,0,0,0,1,1,1,1,1,1,1,1,0,0,0,0,0,0,0,0,0,0,0,0,0,0,0,0,false,false,false,false,false,false,false,false,0,0,0,0,0,0,0,0,"可恶的大洋妖红花，竟然接连不断地出现！<br>冒险者，就请你逐一消灭它们吧！靠你了！","","","","","","",""
41,2,2,2,2,2,2,2,2,0,0,0,0,0,0,0,0,1,1,1,1,1,1,1,1,0,0,0,0,0,0,0,0,0,0,0,0,0,0,0,0,false,false,false,false,false,false,false,false,0,0,0,6,0,0,0,0,"冒险者，请帮帮我！<br>我一个人根本没办法搞定！","我本来想要将风车小屋里磨好的小麦粉发货的，<br>但那些饿疯了的婴猴总是会袭击过来，<br>我根本运不出去。","它们好像记住了味道，<br>只要我一运出去，它们就会袭击过来。<br>所以拜托你，消灭那些婴猴！","要帮忙消灭婴猴吗？<br><br><color #FF7B1A>※此危命任务的推荐等级为<value>级。</color>","谢谢你，冒险者果然靠得住！<br>那就拜托你了！","","这样啊……那就没办法了。<br>虽然很遗憾，不过我还是找其他人帮忙吧。",""
42,2,2,2,2,2,2,2,2,0,0,0,0,0,0,0,0,1,1,1,1,1,1,1,1,0,0,0,0,0,0,0,0,0,0,0,0,0,0,0,0,false,false,false,false,false,false,false,false,0,0,0,0,0,0,0,0,"这一带的河蟾蜍繁殖得特别快，<br>如果不定期驱除的话会不得了的。<br>现在正好是定期驱除河蟾蜍的时候。","虽然已经习惯了，不过这项工作并不轻松。<br>如果你方便的话，能来帮个忙吗？","我们要驱除的对象是河蟾蜍中繁殖能力最强的杖蟾蜍。<br>其他的品种可以不用管。","那么就拜托你了，冒险者。<br>我在这里守着，<br>避免过往的行人受到牵连。","……我可不是因为害怕蟾蜍才拜托你的哦！","","",""
43,2,2,2,2,2,2,2,2,0,0,0,0,0,0,0,0,1,1,1,1,1,1,1,1,0,0,0,0,0,0,0,0,0,0,0,0,0,0,0,0,false,false,false,false,false,false,false,false,0,0,6,0,0,0,0,0,"这一带的河蟾蜍繁殖得特别快，<br>如果不定期驱除的话会不得了的。<br>我正要开始定期驱除河蟾蜍。","虽然已经习惯了，不过这项工作并不轻松。<br>如果你方便的话，能来帮个忙吗？","要帮忙驱除河蟾蜍吗？<br><br><color #FF7B1A>※此危命任务的推荐等级为<value>级。</color>","","我们要驱除的对象是河蟾蜍中繁殖能力特别强的杖蟾蜍。<br>其他的品种可以不用管。","","这样啊……那就没办法了。<br>我们自己来处理吧。",""
44,2,2,2,2,2,2,2,2,0,0,0,0,0,0,0,0,1,1,1,1,1,1,1,1,0,0,0,0,0,0,0,0,0,0,0,0,0,0,0,0,false,false,false,false,false,false,false,false,0,0,6,0,0,0,0,0,"参ったな……またヤーゾンが集まってきやがった。<br>やつら、杭打ち機に巣を作ろうとするんだよ。","こうなると作業になんなくてね。<br>すまないが、ヤーゾンの駆除を手伝ってくれないか？","引き受けますか？<br><br><color #FF7B1A>※このF.A.T.E.の推奨レベルは<value>です。</color>","","助かるよ。<br>やつら、そこの木の辺りに集まってきてる。<br>杭打ち機に寄り付く前に、倒してくれ！","","そうか……。急いで他を当たらないとな。",""
45,2,2,2,2,2,2,2,2,0,0,0,0,0,0,0,0,1,1,1,1,1,1,1,1,0,0,0,0,0,0,0,0,0,0,0,0,0,0,0,0,false,false,false,false,false,false,false,false,0,0,6,0,0,0,0,0,"这一带出现了好多土元精……<br>你能帮我收集一些它们的核心吗？","把这些核心打进地面的话可以坚固地基……<br>是开垦萨纳兰的……必需品。","要帮忙吗？<br><br><color #FF7B1A>※此危命任务的推荐等级为<value>级。</color>","","你可以打倒它们后把核心夺过来，<br>也可以从地上捡……<br>总之收集好给我就行……","","毕竟这事和你无关啊……",""
46,2,2,2,2,2,2,2,2,0,0,0,0,0,0,0,0,1,1,1,1,1,1,1,1,0,0,0,0,0,0,0,0,0,0,0,0,0,0,0,0,false,false,false,false,false,false,false,false,0,0,6,0,0,0,0,0,"请、请帮帮我，冒险者大人！<br>以那间废弃小屋为据点的盗贼团体<br>刚刚抢走了我重要的货物！","没有那些货物的话我会饿死的！<br>自己到他们据点去拿只是白白送死。<br>拜托你帮我把行李夺回来吧！","要帮忙吗？<br><br><color #FF7B1A>※此危命任务的推荐等级为<value>级。</color>","","神啊！我的性命就托付给冒险者大人了！","","怎么这样！<br>这样下去我会被喂蚂蚁的！",""
47,2,2,2,2,2,2,2,2,0,0,0,0,0,0,0,0,1,1,1,1,1,1,1,1,0,0,0,0,0,0,0,0,0,0,0,0,0,0,0,0,false,false,false,false,false,false,false,false,0,0,6,0,0,0,0,0,"你来得正好！<br>你能从哥布林族手中保护这份资料吗？<br>这是刚刚拿到手的。","那些家伙因为被赶了出去，<br>竟然开始破坏装有资料的箱子来泄愤。<br>我可是损失惨重啊。","要帮忙吗？<br><br><color #FF7B1A>※此危命任务的推荐等级为<value>级。</color>","","太好了。<br>装材料的箱子就在那里……<br>哎呀，才刚说完哥布林族就来了！","","你要是做得好的话，我还打算以重金答谢呢。<br>你不重新考虑一下吗？",""
48,2,2,2,2,2,2,2,2,0,0,0,0,0,0,0,0,1,1,1,1,1,1,1,1,0,0,0,0,0,0,0,0,0,0,0,0,0,0,0,0,false,false,false,false,false,false,false,false,0,0,6,0,0,0,0,0,"我的父亲死在了这个池塘。<br>他是在钓鱼的时候被产卵鬼鮟鱇吃掉的……","如果这个世界上没有鬼鮟鱇就好了！<br>你是冒险者的话，就去打倒那些家伙们啊！","要出手吗？<br><br><color #FF7B1A>※此危命任务的推荐等级为<value>级。</color>","","太好了，为父亲报仇了！<br>你要更多更多地消灭它们啊！","","胆小鬼！我明明听说冒险者都很勇敢的！",""
49,2,2,2,2,2,2,2,2,0,0,0,0,0,0,0,0,1,1,1,1,1,1,1,1,0,0,0,0,0,0,0,0,0,0,0,0,0,0,0,0,false,false,false,false,false,false,false,false,0,0,0,6,0,0,0,0,"喂，说你呢！<br>你是冒险者吧？过来帮我个忙！","在那边大肆胡闹的男人是想要潜入船中的偷渡者。<br>可是没想到抓到他之后他却装作什么都不知道。","然后被问急了，竟然开始狂暴起来！<br>所以我想要拜托你帮个忙，<br>在出现伤员之前制服他！","要帮忙吗？<br><br><color #FF7B1A>※此危命任务的推荐等级为<value>级。</color>","","","……我明白了，虽然很遗憾，<br>那也是没办法的事。抱歉让你为难了。",""
50,2,2,2,2,2,2,2,2,0,0,0,0,0,0,0,0,1,1,1,1,1,1,1,1,0,0,0,0,0,0,0,0,0,0,0,0,0,0,0,0,false,false,false,false,false,false,false,false,0,5,0,0,0,0,0,0,"你收集好土元精核心了吗？","","","","不错，就照这样，继续拜托你了。","","这样啊……<br>报酬是按件支付的……你别忘了……",""
51,2,2,2,2,2,2,2,2,0,0,0,0,0,0,0,0,1,1,1,1,1,1,1,1,0,0,0,0,0,0,0,0,0,0,0,0,0,0,0,0,false,false,false,false,false,false,false,false,0,5,0,0,0,0,0,0,"你帮我夺回货物了？！","","","","就是这个，这是我的货物！<br>真不愧是冒险者大人！<br>其他的货物也拜托你了！","","哎？那你手上拿的是什么？",""
52,2,2,2,2,2,2,2,2,0,0,0,0,0,0,0,0,1,1,1,1,1,1,1,1,0,0,0,0,0,0,0,0,0,0,0,0,0,0,0,0,false,false,false,false,false,false,false,false,0,0,0,0,0,0,0,0,"我在收集土元精核心……<br>如果你有的话请让给我……","","","","","","",""
53,2,2,2,2,2,2,2,2,0,0,0,0,0,0,0,0,1,1,1,1,1,1,1,1,0,0,0,0,0,0,0,0,0,0,0,0,0,0,0,0,false,false,false,false,false,false,false,false,0,0,0,0,0,0,0,0,"请帮我把被强盗抢走的货物取回来！<br>那间废弃小屋就是他们的据点！拜托你了！","","","","","","",""
54,2,2,2,2,2,2,2,2,0,0,0,0,0,0,0,0,1,1,1,1,1,1,1,1,0,0,0,0,0,0,0,0,0,0,0,0,0,0,0,0,false,false,false,false,false,false,false,false,0,0,0,6,0,0,0,0,"冒险者，我有事要拜托你。<br>因为我要把从这里挖掘到的古物运到遗忘绿洲。<br>你可以作为护卫和我同行吗？","这附近蜥蜴人族的势力很强……<br>有很多进入沙漠的人再也没有回来。<br>运送货物是一项非常危险的任务。","不过，我的前辈把这项任务交给了我。<br>所以我一定要顺利地把货物送到遗忘绿洲。","要帮忙吗？<br><br><color #FF7B1A>※此危命任务的推荐等级为<value>级。</color>","","","这样啊。<br>好吧，毕竟这是前辈交给我做的事情，<br>我应该凭自己的力量来完成。",""
55,2,2,2,2,2,2,2,2,0,0,0,0,0,0,0,0,1,1,1,1,1,1,1,1,0,0,0,0,0,0,0,0,0,0,0,0,0,0,0,0,false,false,false,false,false,false,false,false,0,0,0,6,0,0,0,0,"真是的，最近的年轻陆兵都是些孱弱的家伙！<br>受不了，这要是有个什么突发状况怎么上战场！","不过我说你这个冒险者，<br>倒看上去很有两下子啊。","要不要和我们这里的新兵练一练？<br>让他们回炉改造改造！","要陪新兵训练吗？<br><br><color #FF7B1A>※此危命任务的推荐等级为<value>级。</color>","谢了！<br>不用对他们客气，往死里打！","","这样啊，那算了。<br>我们的新兵完全不称当对手么……",""
56,2,2,2,2,2,2,2,2,0,0,0,0,0,0,0,0,1,1,1,1,1,1,1,1,0,0,0,0,0,0,0,0,0,0,0,0,0,0,0,0,false,false,false,false,false,false,false,false,0,0,0,6,0,0,0,0,"喂，那位冒险者！<br>你来得正好，我有件事想拜托你！","他们在打架啊！拜托你劝劝架。<br>我想让他们2个淡定点，但毕竟都是海之子，<br>都倔得很，根本不听我的劝。","所以干脆不要客气，直接给他们两拳，<br>让那些笨蛋清醒清醒！","要让他们清醒清醒吗？<br><br><color #FF7B1A>※此危命任务的推荐等级为<value>级。</color>","","","呃……好吧。<br>抱歉让你为难了。",""
57,0,0,0,0,0,0,0,0,0,0,0,0,0,0,0,0,1,1,1,1,1,1,1,1,0,0,0,0,0,0,0,0,0,0,0,0,0,0,0,0,false,false,false,false,false,false,false,false,0,0,0,6,0,0,0,0,"哎？！我、我可没有输啊。<br>这只是……一时大意！","都是因为那个女人说要比实力，<br>我就奉陪了一下。但没想到她竟然那么强！","对了，你也帮我一把吧！<br>打架管什么规则！","要帮忙吗？<br><br><color #FF7B1A>※此危命任务的推荐等级为<value>级。</color>","","","嘁，你不会是害怕吧。",""
58,2,2,2,2,2,2,2,2,0,0,0,0,0,0,0,0,1,1,1,1,1,1,1,1,0,0,0,0,0,0,0,0,0,0,0,0,0,0,0,0,false,false,false,false,false,false,false,false,0,0,0,0,0,0,0,0,"目前我们黑涡团正在进行德内维尔关的防卫训练！<br>目标是歼灭攻过来的黑涡团教导队员！<br>如果你原意，可以允许你参与此次训练！","","","","","","",""
59,2,2,2,2,2,2,2,2,0,0,0,0,0,0,0,0,1,1,1,1,1,1,1,1,0,0,0,0,0,0,0,0,0,0,0,0,0,0,0,0,false,false,false,false,false,false,false,false,0,0,0,0,0,0,0,0,"哦，你是冒险者吗？来得正好！<br>你也来练一练我们那些孱弱的新兵吧，<br>让他们回炉重造一下！","","","","","","",""
60,2,2,2,2,2,2,2,2,0,0,0,0,0,0,0,0,1,1,1,1,1,1,1,1,0,0,0,0,0,0,0,0,0,0,0,0,0,0,0,0,false,false,false,false,false,false,false,false,0,0,0,0,0,0,0,0,"冒险者，快来帮帮我！<br>装香橙的木箱正受到攻击！那是我好不容易才摘下来的！<br>请你把聚集在木箱周围的码头沟鼠消灭掉！","","","","","","",""
61,2,2,2,2,2,2,2,2,0,0,0,0,0,0,0,0,1,1,1,1,1,1,1,1,0,0,0,0,0,0,0,0,0,0,0,0,0,0,0,0,false,false,false,false,false,false,false,false,0,0,0,0,0,0,0,0,"啊啊，这些婴猴真烦人！<br>这样我根本没办法把小麦粉运出去啊……","","","","","","",""
62,2,2,2,2,2,2,2,2,0,0,0,0,0,0,0,0,1,1,1,1,1,1,1,1,0,0,0,0,0,0,0,0,0,0,0,0,0,0,0,0,false,false,false,false,false,false,false,false,0,0,0,0,0,0,0,0,"该死的盲头蟹，竟然聚集了这么多只……<br>休想破坏打桩机！","","","","","","",""
63,2,2,2,2,2,2,2,2,0,0,0,0,0,0,0,0,1,1,1,1,1,1,1,1,0,0,0,0,0,0,0,0,0,0,0,0,0,0,0,0,false,false,false,false,false,false,false,false,0,0,0,0,0,0,0,0,"要保护好资料，快！<br>快把哥布林族赶走！","","","","","","",""
64,2,2,2,2,2,2,2,2,0,0,0,0,0,0,0,0,1,1,1,1,1,1,1,1,0,0,0,0,0,0,0,0,0,0,0,0,0,0,0,0,false,false,false,false,false,false,false,false,0,0,0,0,0,0,0,0,"啊哇哇哇！<br>鬼鮟鱇聚在一起把浅滩的小鱼吃掉了！<br>那可是我的晚饭！","","","","","","",""
65,2,2,2,2,2,2,2,2,0,0,0,0,0,0,0,0,1,1,1,1,1,1,1,1,0,0,0,0,0,0,0,0,0,0,0,0,0,0,0,0,false,false,false,false,false,false,false,false,0,0,0,0,0,0,0,0,"我的父亲被鬼鮟鱇吃掉了……<br>快去帮我把那些家伙全部消灭掉，为父亲报仇！","","","","","","",""
66,1,1,1,1,1,1,1,1,0,0,0,0,0,0,0,0,1,1,1,1,1,1,1,1,0,0,0,0,0,0,0,0,0,0,0,0,0,0,0,0,false,false,false,false,false,false,false,false,0,0,0,6,0,0,0,0,"嗯，我能从你的身上感受到炙热的斗魂。<br>你是个相当有实力的强者，<br>我想拜托你件事！","我听说那边的蜥蜴人军阵地有一个新指挥官上任。<br>所以就偷偷过来侦查……<br>但是那些家伙竟然已经在做进军准备了！","现在已经来不及等待援军了。<br>所以我希望你能和我一起闯入他们阵地，破坏物资，<br>讨伐他们的新指挥官，阻止他们的进军！","要帮忙吗？<br><br><color #FF7B1A>※此危命任务的推荐等级为<value>级。</color>","","","嗯，你还是怕去送死么！<br>好吧，我只好单枪匹马冲进去了……",""
67,2,2,2,2,2,2,2,2,0,0,0,0,0,0,0,0,1,1,1,1,1,1,1,1,0,0,0,0,0,0,0,0,0,0,0,0,0,0,0,0,false,false,false,false,false,false,false,false,0,0,6,0,0,0,0,0,"既然向我搭话，那是不是意味着你要帮我啊？<br>我正在收集埋藏在这里守卫身体里的魂石。","那是用来进行古代魔法研究的……<br>不过我实在是对付不了那些又大又坚硬的大块头。","要帮忙吗？<br><br><color #FF7B1A>※此危命任务的推荐等级为<value>级。</color>","","好棒，我最喜欢勤劳的人了。","","哎呀，真是个装模作样的人，过分。<br>一点都不懂得怜香惜玉。",""
68,2,2,2,2,2,2,2,2,0,0,0,0,0,0,0,0,1,1,1,1,1,1,1,1,0,0,0,0,0,0,0,0,0,0,0,0,0,0,0,0,false,false,false,false,false,false,false,false,0,0,0,0,0,0,0,0,"我需要巨像兵的魂石。<br>你能为了我去敲碎那些守卫吗？","","","","","","",""
69,2,2,2,2,2,2,2,2,0,0,0,0,0,0,0,0,1,1,1,1,1,1,1,1,0,0,0,0,0,0,0,0,0,0,0,0,0,0,0,0,false,false,false,false,false,false,false,false,0,5,0,0,0,0,0,0,"你得到巨像兵的魂石了吧。<br>我可不喜欢装模作样的人哦。","","","","哼，很好……真是冰冷的心脏……<br>我想要更深入地进行调查，<br>你能再拿来一些吗？","","真讨厌。那些东西只能增加你的负担哦。",""
70,2,2,2,2,2,2,2,2,0,0,0,0,0,0,0,0,1,1,1,1,1,1,1,1,0,0,0,0,0,0,0,0,0,0,0,0,0,0,0,0,false,false,false,false,false,false,false,false,0,0,6,0,0,0,0,0,"请帮帮我，我需要食物。<br>不然妈妈会因为一直连续工作而倒下的！","我要求不高，只要给我仙人掌的肉质茎就好了。<br>我想让妈妈能吃饱一些……","要帮忙吗？<br><br><color #FF7B1A>※此危命任务的推荐等级为<value>级。</color>","","太好了……<br>被仙人掌刺到可是很疼的，你要小心啊。","","不行么……<br>我果然还是要……更努力才行……",""
71,2,2,2,2,2,2,2,2,0,0,0,0,0,0,0,0,1,1,1,1,1,1,1,1,0,0,0,0,0,0,0,0,0,0,0,0,0,0,0,0,false,false,false,false,false,false,false,false,0,0,0,0,0,0,0,0,"我想要仙人掌的肉质茎。<br>我想让妈妈能填饱肚子！","","","","","","",""
72,2,2,2,2,2,2,2,2,0,0,0,0,0,0,0,0,1,1,1,1,1,1,1,1,0,0,0,0,0,0,0,0,0,0,0,0,0,0,0,0,false,false,false,false,false,false,false,false,0,5,0,0,0,0,0,0,"啊，是仙人掌的肉质茎！<br>求求你，请分给我一些！","","","","谢谢你！如果再能有一些就好了……","","也是啊，没有理由分给外人啊……",""
73,2,2,2,2,2,2,2,2,0,0,0,0,0,0,0,0,1,1,1,1,1,1,1,1,0,0,0,0,0,0,0,0,0,0,0,0,0,0,0,0,false,false,false,false,false,false,false,false,0,0,0,6,0,0,0,0,"呀吼，那边的朋友！<br>我是盛夏的舞女伊·米蕾娃。<br>请你听一听米蕾娃的请求。","米蕾娃现在要去隐秘瀑布，<br>给有钱的叔叔带去特别的舞蹈……","但是我自己一个人去心里好害怕。<br>所以想要你陪米蕾娃一起到那个叔叔家里去！","要陪她去吗？<br><br><color #FF7B1A>※此危命任务的推荐等级为<value>级。</color>","","","真是的，你真坏心眼！<br>米蕾娃就这么没有魅力吗？",""
74,1,1,1,1,1,1,1,1,0,0,0,0,0,0,0,0,1,1,1,1,1,1,1,1,0,0,0,0,0,0,0,0,0,0,0,0,0,0,0,0,false,false,false,false,false,false,false,false,4,4,4,4,4,4,4,4,"这座桥总是会受到卢恩人的袭击。<br>因为有很多物资都从这里运输，<br>所以才容易被盯上吧。","啊，我可没想要吓唬你啊。<br>放心吧，到时候还有我们呢。","","","","","",""
75,1,1,1,1,1,1,1,1,0,0,0,0,0,0,0,0,1,1,1,1,1,1,1,1,0,0,0,0,0,0,0,0,0,0,0,0,0,0,0,0,false,false,false,false,false,false,false,false,4,4,4,4,4,4,4,4,"虽然我想要在这里做生意，<br>但这地方有些不太平啊。","虽然挨着飞空艇搭乘点是很有吸引力，<br>可越是这种能赚钱的地方，<br>就越容易聚集不良人员。","毕竟还发生了卢恩人绑走人类之后卖给蜥蜴人族的事件。<br>真是想想就吓人啊……","","","","",""
76,1,1,1,1,1,1,1,1,0,0,0,0,0,0,0,0,1,1,1,1,1,1,1,1,0,0,0,0,0,0,0,0,0,0,0,0,0,0,0,0,false,false,false,false,false,false,false,false,4,4,4,4,4,4,4,4,"干嘛？要买东西到隔壁。<br>我可是很忙的。","我必须要在下一班飞空艇着陆前备好货，<br>不然就亏本了。时间就是金钱啊！","","","","","",""
77,0,0,0,0,0,0,0,0,0,0,0,0,0,0,0,0,1,1,1,1,1,1,1,1,0,0,0,0,0,0,0,0,0,0,0,0,0,0,0,0,false,false,false,false,false,false,false,false,4,4,4,4,4,4,4,4,"队长大人好棒的喵。<br>我们要始终追随队长大人喵。","毕竟脸长得好帅的喵。","","","","","",""
78,1,1,1,1,1,1,1,1,0,0,0,0,0,0,0,0,1,1,1,1,1,1,1,1,0,0,0,0,0,0,0,0,0,0,0,0,0,0,0,0,false,false,false,false,false,false,false,false,4,4,4,4,4,4,4,4,"怎么？你也想加入我的部队吗？","抱歉了，已经没有多余的空位给你了。<br>因为想要入队的姑娘们太多了，呵呵。","不过，在你呆在这里的这段期间，<br>就可以和其他市民及部下一样，得到我的庇护。<br>我可是很重视我的拥护者的。","","","","",""
79,0,0,0,0,0,0,0,0,0,0,0,0,0,0,0,0,1,1,1,1,1,1,1,1,0,0,0,0,0,0,0,0,0,0,0,0,0,0,0,0,false,false,false,false,false,false,false,false,4,4,4,4,4,4,4,4,"哼哼，哼哼哼哼……<br>我有的时候能和队长大人说上话喵。","虽然不太明白在说什么，<br>但是队长大人真的好帅啊！","","","","","",""
80,1,1,1,1,1,1,1,1,0,0,0,0,0,0,0,0,1,1,1,1,1,1,1,1,0,0,0,0,0,0,0,0,0,0,0,0,0,0,0,0,false,false,false,false,false,false,false,false,4,4,4,4,4,4,4,4,"街道的尽头是一望无际的黑衣森林。<br>那里会有新的邂逅在等待着我……","……虽然是这么觉得。<br>不过还是好害怕魔物啊。","","","","","",""
81,1,1,1,1,1,1,1,1,0,0,0,0,0,0,0,0,1,1,1,1,1,1,1,1,0,0,0,0,0,0,0,0,0,0,0,0,0,0,0,0,false,false,false,false,false,false,false,false,4,4,4,4,4,4,4,4,"欢迎来到跨天桥。<br>虽然现在挺安静的，<br>不过到飞空艇起航和着陆的时候相当热闹。","因为之前的灵灾地面产生了一个巨大的裂缝，<br>所以才搭建了这座桥方便两边的往来。<br>希望这里可以凭借遗迹和飞空艇乘降等优势成为萨纳兰的新名胜。","","","","","",""
82,0,0,0,0,0,0,0,0,0,0,0,0,0,0,0,0,1,1,1,1,1,1,1,1,0,0,0,0,0,0,0,0,0,0,0,0,0,0,0,0,false,false,false,false,false,false,false,false,4,4,4,4,4,4,4,4,"嗯，咳咳……你想要搭乘飞空艇吗？<br>不好意思，这个搭乘点不面向个人开放。","如果你有搭乘许可证的话，<br>可以到乌尔达哈飞艇坪的窗口去。","","","","","",""
83,0,0,0,0,0,0,0,0,0,0,0,0,0,0,0,0,1,1,1,1,1,1,1,1,0,0,0,0,0,0,0,0,0,0,0,0,0,0,0,0,false,false,false,false,false,false,false,false,4,4,4,4,4,4,4,4,"嗯，这次进货也要选择沉稳……经典的……","不，应该走在流行前线。<br>那么就要尽可能的……拿到飞·乌尔的新作……","","","","","",""
84,0,0,0,0,0,0,0,0,0,0,0,0,0,0,0,0,1,1,1,1,1,1,1,1,0,0,0,0,0,0,0,0,0,0,0,0,0,0,0,0,false,false,false,false,false,false,false,false,4,4,4,4,4,4,4,4,"物资和市民都没能守住……<br>一切都被卢恩人夺走了。","虽然我们知道那些家伙的据点。<br>但连他们的进攻都抵挡不住的我们，根本没有胜算。","","","","","",""
85,1,1,1,1,1,1,1,1,0,0,0,0,0,0,0,0,1,1,1,1,1,1,1,1,0,0,0,0,0,0,0,0,0,0,0,0,0,0,0,0,false,false,false,false,false,false,false,false,4,4,4,4,4,4,4,4,"队长大人真的好帅喵。<br>虽然现在也很帅……但平时会更帅的喵！","今天只不过是一时大意，<br>下次我们绝对绝对不会输的喵！","","","","","",""
86,0,0,0,0,0,0,0,0,0,0,0,0,0,0,0,0,1,1,1,1,1,1,1,1,0,0,0,0,0,0,0,0,0,0,0,0,0,0,0,0,false,false,false,false,false,false,false,false,4,4,4,4,4,4,4,4,"市民和物资都被掳走了。<br>我这个队长实在是失职……","可是，为了那些努力着的部下，<br>我也要回归华丽的战线！<br>将笑容和荣耀献给我的部队！","","","","","",""
87,0,0,0,0,0,0,0,0,0,0,0,0,0,0,0,0,1,1,1,1,1,1,1,1,0,0,0,0,0,0,0,0,0,0,0,0,0,0,0,0,false,false,false,false,false,false,false,false,4,4,4,4,4,4,4,4,"虽然队长大人很爱自己，<br>不过也很爱大家喵。","希望队长大人可以赶快恢复到平时的状态，<br>散发神秘的闪亮亮气质喵……","","","","","",""
88,2,2,2,2,2,2,2,2,0,0,0,0,0,0,0,0,1,1,1,1,1,1,1,1,0,0,0,0,0,0,0,0,0,0,0,0,0,0,0,0,false,false,false,false,false,false,false,false,0,0,0,6,0,0,0,0,"啊，伤脑筋……<br>因为北边的十二神大圣堂要举办一场喜事，<br>所以我被委托运送蜂蜜酒……","但最近被香甜气味所吸引的巨蝇频繁出现，<br>很多人都受到了它们的袭击。","你是冒险者吧？<br>如果你方便的话，能护送我到大圣堂吗？","要帮忙吗？<br><br><color #FF7B1A>※此危命任务的推荐等级为<value>级。</color>","","","这样啊……<br>看来只能我自己去了……",""
89,1,1,1,1,1,1,1,1,0,0,0,0,0,0,0,0,1,1,1,1,1,1,1,1,0,0,0,0,0,0,0,0,0,0,0,0,0,0,0,0,false,false,false,false,false,false,false,false,4,4,4,4,4,4,4,4,"无法割舍海盗生活的家伙们都离开了……<br>留在这里的，都是决心要在这里重新开始的人。","","","","","","",""
90,1,1,1,1,1,1,1,1,0,0,0,0,0,0,0,0,1,1,1,1,1,1,1,1,0,0,0,0,0,0,0,0,0,0,0,0,0,0,0,0,false,false,false,false,false,false,false,false,4,4,4,4,4,4,4,4,"说实话，山上的生活很艰苦。<br>但比起继续当海盗，被四处通缉要好得多。","","","","","","",""
91,1,1,1,1,1,1,1,1,0,0,0,0,0,0,0,0,1,1,1,1,1,1,1,1,0,0,0,0,0,0,0,0,0,0,0,0,0,0,0,0,false,false,false,false,false,false,false,false,4,4,4,4,4,4,4,4,"没钱没材料……<br>要不要抢夺卢恩族的商店啊……","哎呀，不行。老毛病又犯了。","","","","","",""
92,1,1,1,1,1,1,1,1,0,0,0,0,0,0,0,0,1,1,1,1,1,1,1,1,0,0,0,0,0,0,0,0,0,0,0,0,0,0,0,0,false,false,false,false,false,false,false,false,4,4,4,4,4,4,4,4,"嗯，得先把这破破烂烂的建筑物改造一下。","","","","","","",""
93,1,1,1,1,1,1,1,1,0,0,0,0,0,0,0,0,1,1,1,1,1,1,1,1,0,0,0,0,0,0,0,0,0,0,0,0,0,0,0,0,false,false,false,false,false,false,false,false,4,4,4,4,4,4,4,4,"没完没了的！<br>到底从哪里着手开始做才好啊？！","","","","","","",""
94,1,1,1,1,1,1,1,1,0,0,0,0,0,0,0,0,1,1,1,1,1,1,1,1,0,0,0,0,0,0,0,0,0,0,0,0,0,0,0,0,false,false,false,false,false,false,false,false,4,4,4,4,4,4,4,4,"我们猎犬同盟海盗团因为5年前的灵灾而四分五裂……<br>我们集中剩下的人，一起移居至此。","","","","","","",""
95,1,1,1,1,1,1,1,1,0,0,0,0,0,0,0,0,1,1,1,1,1,1,1,1,0,0,0,0,0,0,0,0,0,0,0,0,0,0,0,0,false,false,false,false,false,false,false,false,4,4,4,4,4,4,4,4,"你看到村子角落里的那个拉拉菲尔族了吗？","别看她小小的，其实是个很有实力的海盗。<br>在海上的时候，论肉搏战可是无人能敌啊。<br>不过现在是以魔物和蛮族为对手施展拳脚。","","","","","",""
96,1,1,1,1,1,1,1,1,0,0,0,0,0,0,0,0,1,1,1,1,1,1,1,1,0,0,0,0,0,0,0,0,0,0,0,0,0,0,0,0,false,false,false,false,false,false,false,false,4,4,4,4,4,4,4,4,"你知道这个村子为什么要以“贫女材场”……<br>这种不吉利的名字来命名吗？","因为这里受到魔物和蛮族的侵害，<br>在这里工作的伐木工人总是失踪。<br>剩下的只有贫穷的未亡人。","","","","","",""
97,1,1,1,1,1,1,1,1,0,0,0,0,0,0,0,0,1,1,1,1,1,1,1,1,0,0,0,0,0,0,0,0,0,0,0,0,0,0,0,0,false,false,false,false,false,false,false,false,4,4,4,4,4,4,4,4,"这里原本是伐木工人的村落。<br>在第七灵灾的时候，住在这里的人都纷纷逃命去了。<br>我们是从提督那里得到的这座废弃的村落。","","","","","","",""
98,1,1,1,1,1,1,1,1,0,0,0,0,0,0,0,0,1,1,1,1,1,1,1,1,0,0,0,0,0,0,0,0,0,0,0,0,0,0,0,0,false,false,false,false,false,false,false,false,4,4,4,4,4,4,4,4,"虽然也有人怀念以前的海盗生活，<br>不过那时谁都是有苦衷的。<br>也有很多人是因为被诱拐才做了海盗的。","","","","","","",""
99,1,1,1,1,1,1,1,1,0,0,0,0,0,0,0,0,1,1,1,1,1,1,1,1,0,0,0,0,0,0,0,0,0,0,0,0,0,0,0,0,false,false,false,false,false,false,false,false,4,4,4,4,4,4,4,4,"现在想想，<br>那段不堪回首的海盗生活也挺让人怀念的……<br>是不是因为我老了啊？","","","","","","",""
100,1,1,1,1,1,1,1,1,0,0,0,0,0,0,0,0,1,1,1,1,1,1,1,1,0,0,0,0,0,0,0,0,0,0,0,0,0,0,0,0,false,false,false,false,false,false,false,false,4,4,4,4,4,4,4,4,"我们因为灵灾而失去了船，最终流浪至此。<br>因为这里只有我们在，所以尽管是在陆地上，<br>但依然和在船上时一样，自由自在。","","","","","","",""
101,1,1,1,1,1,1,1,1,0,0,0,0,0,0,0,0,1,1,1,1,1,1,1,1,0,0,0,0,0,0,0,0,0,0,0,0,0,0,0,0,false,false,false,false,false,false,false,false,4,4,4,4,4,4,4,4,"虽然魔物和蛮族会频繁袭击过来，<br>但这是我们好不容易得到的住处，<br>不会那么轻易放手的。","","","","","","",""
102,1,1,1,1,1,1,1,1,0,0,0,0,0,0,0,0,1,1,1,1,1,1,1,1,0,0,0,0,0,0,0,0,0,0,0,0,0,0,0,0,false,false,false,false,false,false,false,false,4,4,4,4,4,4,4,4,"5年前我是一个海盗小混混，<br>现在我是一个伐木工人小混混。<br>感觉变了，又好像没变。","","","","","","",""
103,1,1,1,1,1,1,1,1,0,0,0,0,0,0,0,0,1,1,1,1,1,1,1,1,0,0,0,0,0,0,0,0,0,0,0,0,0,0,0,0,false,false,false,false,false,false,false,false,4,4,4,4,4,4,4,4,"这里是贫女材场，是我们“猎犬同盟”的领地。<br>你没事就赶快离开。","","","","","","",""
104,1,1,1,1,1,1,1,1,0,0,0,0,0,0,0,0,1,1,1,1,1,1,1,1,0,0,0,0,0,0,0,0,0,0,0,0,0,0,0,0,false,false,false,false,false,false,false,false,4,4,4,4,4,4,4,4,"……嗯哼哼。<br>魔物和蛮族还不攻过来……","我早就厌倦做农活了。<br>啊，真想大干一场……","","","","","",""
105,1,1,1,1,1,1,1,1,0,0,0,0,0,0,0,0,1,1,1,1,1,1,1,1,0,0,0,0,0,0,0,0,0,0,0,0,0,0,0,0,false,false,false,false,false,false,false,false,4,4,4,4,4,4,4,4,"盛夏的舞女……<br>她们的舞姿如同被清风卷起的芳香花瓣一般，<br>让我的周围洋溢起欢喜的漩涡……","","","","","","",""
106,1,1,1,1,1,1,1,1,0,0,0,0,0,0,0,0,1,1,1,1,1,1,1,1,0,0,0,0,0,0,0,0,0,0,0,0,0,0,0,0,false,false,false,false,false,false,false,false,4,4,4,4,4,4,4,4,"这个世界上只有一个人可以为我带来春天，<br>而我愿将我的一切都献给那个人！！","","","","","","",""
107,2,2,2,2,2,2,2,2,0,0,0,0,0,0,0,0,1,1,1,1,1,1,1,1,0,0,0,0,0,0,0,0,0,0,0,0,0,0,0,0,false,false,false,false,false,false,false,false,0,0,0,0,0,0,0,0,"目前我们正在针对哥布林族<br>进行“海盗的掠夺品”的回收作战。<br>因为具有一定的危险性，所以请远离作战地点！","如果你想要参与协助的话，<br>那么请你将海盗的掠夺品拿来交给我。","掠夺品可以在营地内找到，<br>或者打倒哥布林族后就可以得到！","","","","",""
108,2,2,2,2,2,2,2,2,0,0,0,0,0,0,0,0,1,1,1,1,1,1,1,1,0,0,0,0,0,0,0,0,0,0,0,0,0,0,0,0,false,false,false,false,false,false,false,false,0,0,0,6,0,0,0,0,"嘘！<br>安静，我现在正在进行秘密行动。<br>不能让哥布林族发现。","其实是这样的，我得到情报说，<br>哥布林族在前面的营地内贩卖海盗的掠夺品……","因此正在准备回收海盗掠夺品的作战。","要提出帮忙吗？<br><br><color #FF7B1A>※此危命任务的推荐等级为<value>级。</color>","哦，那样就太好了！<br>掠夺品可以在营地内找到，<br>或者打倒哥布林族后就可以得到！","","嗯，那为了避免被卷入作战，<br>你还是离这里远一些吧。",""
109,2,2,2,2,2,2,2,2,0,0,0,0,0,0,0,0,1,1,1,1,1,1,1,1,0,0,0,0,0,0,0,0,0,0,0,0,0,0,0,0,false,false,false,false,false,false,false,false,0,5,0,0,0,0,0,0,"你带回海盗的掠夺品了吗？","","","","哦，太感谢了！<br>如果你再拿到其他的，还请接着带过来！","","你还没有回收到海盗的掠夺品吗？<br>你可以从营地内捡到，<br>或者从哥布林族身上抢到！",""
110,2,2,2,2,2,2,2,2,0,0,0,0,0,0,0,0,1,1,1,1,1,1,1,1,0,0,0,0,0,0,0,0,0,0,0,0,0,0,0,0,false,false,false,false,false,false,false,false,0,0,0,6,0,0,0,0,"打扰问你一下，<br>你是要去南防波堤的吗？","目前有一批物资必须要即刻送往南防波堤，<br>但因为发现了可疑船只，兵力都被派了出去，<br>现在没有人来护送我运输物资。","你可以和我同行，护送我到南防波堤吗？<br>因为最近这附近的街道很不太平。","要同行吗？<br><br><color #FF7B1A>※此危命任务的推荐等级为<value>级。</color>","","","那么我再找别人吧。",""
111,2,2,2,2,2,2,2,2,0,0,0,0,0,0,0,0,1,1,1,1,1,1,1,1,0,0,0,0,0,0,0,0,0,0,0,0,0,0,0,0,false,false,false,false,false,false,false,false,0,0,0,6,0,0,0,0,"干、干嘛啊……别想借着帮我，<br>就从我这里硬要走谢礼啊。","我就是到不远处的黄昏湾进货。<br>你看，小事一桩吧？","虽然那条路不怎么安全，<br>我又不小心膝盖受了伤，不过走路时小点声应该没事……<br>毕竟没钱雇佣护卫……","要送他去黄昏湾吗？<br><br><color #FF7B1A>※此危命任务的推荐等级为<value>级。</color>","","","你想嘲笑我的话去别处嘲笑。<br>祝你有一帮敌人追！",""
112,2,2,2,2,2,2,2,2,0,0,0,0,0,0,0,0,1,1,1,1,1,1,1,1,0,0,0,0,0,0,0,0,0,0,0,0,0,0,0,0,false,false,false,false,false,false,false,false,0,0,0,0,0,0,0,0,"土元精核心已经收集够了……<br>不过，如果你还有的话……给我。","","","","","","",""
113,2,2,2,2,2,2,2,2,0,0,0,0,0,0,0,0,1,1,1,1,1,1,1,1,0,0,0,0,0,0,0,0,0,0,0,0,0,0,0,0,false,false,false,false,false,false,false,false,0,5,0,0,0,0,0,0,"土元精核心已经收集够了……<br>当然，还是越多越好……","","","","那我就不客气了……<br>这些可以用在下一次的工作中……","","没关系……<br>反正我已经够数了。",""
114,2,2,2,2,2,2,2,2,0,0,0,0,0,0,0,0,1,1,1,1,1,1,1,1,0,0,0,0,0,0,0,0,0,0,0,0,0,0,0,0,false,false,false,false,false,false,false,false,0,0,0,0,0,0,0,0,"收集了好多仙人掌的肉质茎啊！<br>我不会忘记你的大恩大德的。","","","","","","",""
115,2,2,2,2,2,2,2,2,0,0,0,0,0,0,0,0,1,1,1,1,1,1,1,1,0,0,0,0,0,0,0,0,0,0,0,0,0,0,0,0,false,false,false,false,false,false,false,false,0,5,0,0,0,0,0,0,"仙人掌的肉质茎？<br>这些也是给我的吗？","","","","哇啊，谢谢你！<br>有这么多的话我也可以吃一些了！","","冒险者也喜欢仙人掌啊。",""
116,2,2,2,2,2,2,2,2,0,0,0,0,0,0,0,0,1,1,1,1,1,1,1,1,0,0,0,0,0,0,0,0,0,0,0,0,0,0,0,0,false,false,false,false,false,false,false,false,0,0,0,0,0,0,0,0,"被盗贼团体抢走的货物全部都夺回来了。<br>都是多亏了冒险者大人啊！","","","","","","",""
117,2,2,2,2,2,2,2,2,0,0,0,0,0,0,0,0,1,1,1,1,1,1,1,1,0,0,0,0,0,0,0,0,0,0,0,0,0,0,0,0,false,false,false,false,false,false,false,false,0,5,0,0,0,0,0,0,"哎？还有我的货物吗？","","","","哈哈，原来还有这件啊。<br>真不愧是冒险者大人，滴水不漏！","","也是啊！我的货物已经全部都在这里了！",""
118,2,2,2,2,2,2,2,2,0,0,0,0,0,0,0,0,1,1,1,1,1,1,1,1,0,0,0,0,0,0,0,0,0,0,0,0,0,0,0,0,false,false,false,false,false,false,false,false,0,0,0,0,0,0,0,0,"已经有这么多魂石了……<br>嗯，看来能进行细致的研究了。","","","","","","",""
119,2,2,2,2,2,2,2,2,0,0,0,0,0,0,0,0,1,1,1,1,1,1,1,1,0,0,0,0,0,0,0,0,0,0,0,0,0,0,0,0,false,false,false,false,false,false,false,false,0,5,0,0,0,0,0,0,"你还有巨像兵的魂石吗？<br>好啊，那就交给我吧。","","","","虽然已经够了，不过还是会忍不住想要呢。<br>因为你太有奉献精神了。","","哎呀，你是在耍我吗？",""
120,2,2,2,2,2,2,2,2,0,0,0,0,0,0,0,0,1,1,1,1,1,1,1,1,0,0,0,0,0,0,0,0,0,0,0,0,0,0,0,0,false,false,false,false,false,false,false,false,0,0,0,6,0,0,0,0,"啊，那边的冒险者！<br>你能听听我的请求吗？","我在收集“虹蝶贝”来制作手工艺品。<br>但是……突然有好多蜂鸟出现，<br>把贝壳都吃掉了……","不过，它们要消化贝壳还需要一段时间！<br>所以拜托你从蜂鸟身上取回虹蝶贝！<br>不管用什么手段都可以……","要取回虹蝶贝吗？<br><br><color #FF7B1A>※此危命任务的推荐等级为<value>级。</color>","太好了！<br>谢谢你，冒险者！","","怎么这样……<br>啊，要不快点的话贝壳就要被消化了……",""
121,2,2,2,2,2,2,2,2,0,0,0,0,0,0,0,0,1,1,1,1,1,1,1,1,0,0,0,0,0,0,0,0,0,0,0,0,0,0,0,0,false,false,false,false,false,false,false,false,0,0,0,0,0,0,0,0,"请你在蜂鸟将虹蝶贝消化完之前把它们夺回来！","","","","","","",""
122,2,2,2,2,2,2,2,2,0,0,0,0,0,0,0,0,1,1,1,1,1,1,1,1,0,0,0,0,0,0,0,0,0,0,0,0,0,0,0,0,false,false,false,false,false,false,false,false,0,5,0,0,0,0,0,0,"你带回虹蝶贝了吗？","","","","谢谢你！<br>应该还有些吞了贝壳的蜂鸟。<br>请你再多取回来一些！","","请快一些，在蜂鸟将贝壳消化前……",""
123,2,2,2,2,2,2,2,2,0,0,0,0,0,0,0,0,1,1,1,1,1,1,1,1,0,0,0,0,0,0,0,0,0,0,0,0,0,0,0,0,false,false,false,false,false,false,false,false,0,0,0,0,0,0,0,0,"虹蝶贝已经收集得差不多了。<br>虽然有些黏呼呼的……<br>不过还是可以加工成优良的手工艺品。","","","","","","",""
124,2,2,2,2,2,2,2,2,0,0,0,0,0,0,0,0,1,1,1,1,1,1,1,1,0,0,0,0,0,0,0,0,0,0,0,0,0,0,0,0,false,false,false,false,false,false,false,false,0,5,0,0,0,0,0,0,"你带回海盗的掠夺品了吗？","","","","谢了！如果还有其他回收的掠夺品，<br>请再拿过来。","","我们马上就要撤退了，<br>如果你还有海盗的掠夺品的话，<br>请尽早交给我。",""
125,2,2,2,2,2,2,2,2,0,0,0,0,0,0,0,0,1,1,1,1,1,1,1,1,0,0,0,0,0,0,0,0,0,0,0,0,0,0,0,0,false,false,false,false,false,false,false,false,0,0,0,0,0,0,0,0,"针对哥布林族的强制搜查顺利结束了！<br>谢谢你协助我们！","我们马上就要撤退了，<br>如果你还有海盗的掠夺品的话，<br>请尽早交给我。","","","","","",""
126,2,2,2,2,2,2,2,2,0,0,0,0,0,0,0,0,1,1,1,1,1,1,1,1,0,0,0,0,0,0,0,0,0,0,0,0,0,0,0,0,false,false,false,false,false,false,false,false,0,0,0,6,0,0,0,0,"金库灵柩亭是禁止卢恩人进入的。<br>看来你……没有带卢恩人过来……","虽说是因为出台了兽人族驱逐令，<br>但说实话，那些家伙太臭了！<br>都禁止他们入店了，但还是有不死心闯进来的……","只是几只的话我还是对付得了的，<br>不过最近他们成帮结队地过来。<br>如果你有时间的话，能帮我赶走他们吗？","要帮忙吗？<br><br><color #FF7B1A>※此危命任务的推荐等级为<value>级。</color>","","","也是，不该拜托顾客这种事的……<br>抱歉了，你别介意，进去喝一杯吧。",""
127,1,1,1,1,1,1,1,1,0,0,0,0,0,0,0,0,1,1,1,1,1,1,1,1,0,0,0,0,0,0,0,0,0,0,0,0,0,0,0,0,false,false,false,false,false,false,false,false,0,0,6,0,0,0,0,0,"冒险者，你来得真及时啊！<br>你请帮忙消灭那些下级巨人吧。<br>那些家伙最近经常在这一带出没，打算占领此地。","因为秘石塔最近频繁遭受袭击，<br>导致现在警备兵的人手不足……请你务必帮我们这个忙。","要帮忙吗？<br><br><color #FF7B1A>※此危命任务的推荐等级为<value>级。</color>","","冒险者啊，感谢你的帮助！<br>来吧，用我们的双手赢得胜利！","","这样……那请你在路经秘石塔的时候，<br>帮忙传达下这里需要增援的消息吧？<br>因为我们必须留在这里继续监视那些家伙。",""
128,2,2,2,2,2,2,2,2,0,0,0,0,0,0,0,0,1,1,1,1,1,1,1,1,0,0,0,0,0,0,0,0,0,0,0,0,0,0,0,0,false,false,false,false,false,false,false,false,0,0,0,6,0,0,0,0,"啊，天助我也！<br>这位冒险者，恕我冒昧。<br>可以请你护送我一程吗？","不瞒你说，其实我想去一趟圣寇伊纳克调查地 ，<br>但我害怕那些魔物，现在无法继续前进。","因此在这里寻找护卫……<br>但无奈没人肯伸出援手。<br>日暮穷途啊。","要帮忙吗？<br><br><color #FF7B1A>※此危命任务的推荐等级为<value>级。</color>","","","不行吗……甚是遗憾。<br>不好意思，我有点强人所难了。<br>我再找其他人碰碰运气吧。",""
129,1,1,1,1,1,1,1,1,0,0,0,0,0,0,0,0,1,1,1,1,1,1,1,1,0,0,0,0,0,0,0,0,0,0,0,0,0,0,0,0,false,false,false,false,false,false,false,false,0,0,0,6,0,0,0,0,"你是冒险者？得救了……<br>请你帮帮我吧。","说出来有点难为情，其实我在侦查时遇难了。<br>不巧又碰上了黑狼，在雪地中被狂追了一路，<br>结果就搞成了这幅德行。","我想轰走它们，无奈四处逃窜后，<br>现在已经筋疲力尽，无计可施了……<br>我说你就帮帮我吧？","要帮忙吗？<br><br><color #FF7B1A>※此危命任务的推荐等级为<value>级。</color>","","","是么，那没办法了……<br>我休息一会儿后，自己再想想办法吧。",""
130,2,2,2,2,2,2,2,2,0,0,0,0,0,0,0,0,1,1,1,1,1,1,1,1,0,0,0,0,0,0,0,0,0,0,0,0,0,0,0,0,false,false,false,false,false,false,false,false,0,0,0,6,0,0,0,0,"我们是冰壁调查队。<br>冒险者你来得正是时候。<br>请听我叙述下情况吧。","下级巨人族埋伏在前方的道路上，<br>导致我们无法回到营地。","我们冰壁调查队主要负责一些调查任务，<br>没有对抗下级巨人族的战力。<br>所以请你助我们一臂之力吧？","要帮忙吗？<br><br><color #FF7B1A>※此危命任务的推荐等级为<value>级。</color>","","","好吧……我们不怪你。<br>那我们现在该怎么办好呢。<br>先折回一趟找援兵么……",""
131,2,2,2,2,2,2,2,2,0,0,0,0,0,0,0,0,1,1,1,1,1,1,1,1,0,0,0,0,0,0,0,0,0,0,0,0,0,0,0,0,false,false,false,false,false,false,false,false,0,0,0,0,0,0,0,0,"冒险者，你可以帮助我们吗？<br>我们是守护东面阿德内尔占星台的狄兰达尔家的人。","现在下级巨人族正向我们的守护地移动。<br>现在必须立即采取措施，迎击敌人。","那些家伙是我们的老对手了……<br>不过为了防止敌人占得先机，<br>还是谨慎为妙，请你协助我们赢得胜利！","","","","",""
132,2,2,2,2,2,2,2,2,0,0,0,0,0,0,0,0,1,1,1,1,1,1,1,1,0,0,0,0,0,0,0,0,0,0,0,0,0,0,0,0,false,false,false,false,false,false,false,false,0,0,0,6,0,0,0,0,"你是……冒险者吧？<br>看在我们同为冒险者的份上，帮我一个忙吧。","我为了完成行会的工作，来此回收遗物……<br>你也看到那边的夜蟾蜍了吧？<br>因为那些家伙，我现在什么都做不了了。","虽然想用武力驱除它们，<br>无奈不是那些家伙的对手……<br>因此我想借助你的力量，消灭它们。","要帮忙吗？<br><br><color #FF7B1A>※此危命任务的推荐等级为<value>级。</color>","","","……真无情呢。<br>算了，我也不指望你了。<br>但你要是遇到困难的话，我也不会帮你！哼！",""
133,2,2,2,2,2,2,2,2,0,0,0,0,0,0,0,0,1,1,1,1,1,1,1,1,0,0,0,0,0,0,0,0,0,0,0,0,0,0,0,0,false,false,false,false,false,false,false,false,0,0,0,0,0,0,0,0,"干掉那些家伙，看你的了！","啊，只要消灭营地里面的家伙就行了。<br>营地外面的不用管。","","","","","",""
134,2,2,2,2,2,2,2,2,0,0,0,0,0,0,0,0,1,1,1,1,1,1,1,1,0,0,0,0,0,0,0,0,0,0,0,0,0,0,0,0,false,false,false,false,false,false,false,false,0,0,0,6,0,0,0,0,"听说在这附近发现了帝国魔导兵器的残骸，<br>所以我便来此一探究竟……<br>因为研究敌人的兵器是最基本的战略嘛。","这次可是获取敌人魔导兵器核心“青磷机关部件”的绝好机会……<br>虽然我干劲十足，但实际上难度不小。","所以你去帮我回收部件吧？<br>你可以去调查那些掉落部件的兵器残骸……<br>也可以干掉那些还能动的兵器，这样就能得到部件了。","要帮忙吗？<br><br><color #FF7B1A>※此危命任务的推荐等级为<value>级。</color>","很好！<br>你做出的贡献一定会得到合理的回报！","","呃……<br>我可不擅长干这种体力活啊……",""
135,2,2,2,2,2,2,2,2,0,0,0,0,0,0,0,0,1,1,1,1,1,1,1,1,0,0,0,0,0,0,0,0,0,0,0,0,0,0,0,0,false,false,false,false,false,false,false,false,0,5,0,0,0,0,0,0,"呃……这边是主机，那边是辅机。<br>把这根管连接到这里的话……哎呀，你什么时候回来的？<br>那啥，你收集完青磷机关部件了吗？","","","","很好，你干得很不错！<br>托你的福，现在收集到了相当可观的数量。<br>不过……感觉还是有点少，你再收集点回来吧。","","是么，那你得再加把劲了。",""
136,2,2,2,2,2,2,2,2,0,0,0,0,0,0,0,0,1,1,1,1,1,1,1,1,0,0,0,0,0,0,0,0,0,0,0,0,0,0,0,0,false,false,false,false,false,false,false,false,0,0,0,0,0,0,0,0,"你去调查这附近的魔导兵器残骸，<br>收集青磷机关部件后，拿回来给我。","","","","","","",""
137,2,2,2,2,2,2,2,2,0,0,0,0,0,0,0,0,1,1,1,1,1,1,1,1,0,0,0,0,0,0,0,0,0,0,0,0,0,0,0,0,false,false,false,false,false,false,false,false,0,0,5,0,0,0,0,0,"干得好干得好，有了这么多部件，<br>加雷马帝国的核心技术也一览无遗了！","不过，部件这种参考材料再多也不嫌多啊。<br>如果你还能再收集点的话，就在我撤退前拿过来吧。<br>我再过会儿就要回青磷精炼所了。","","","很好很好，真是太好了。<br>还有的话，再收集点回来吧？","","这样，好吧。<br>如果有发现，就立刻拿回来给我。",""
138,2,2,2,2,2,2,2,2,0,0,0,0,0,0,0,0,1,1,1,1,1,1,1,1,0,0,0,0,0,0,0,0,0,0,0,0,0,0,0,0,false,false,false,false,false,false,false,false,0,0,0,0,0,0,0,0,"青磷机关部件的数量已经足够了。<br>接下来我要回到青磷精炼所，解析这些部件。","","","","","","",""
139,2,2,2,2,2,2,2,2,0,0,0,0,0,0,0,0,1,1,1,1,1,1,1,1,0,0,0,0,0,0,0,0,0,0,0,0,0,0,0,0,false,false,false,false,false,false,false,false,0,0,0,6,0,0,0,0,"为了调查巨像兵是如何形成的，<br>我正在收集巨像兵的魂石。<br>听说从巨像兵和魔石精身上可以得到魂石。","但是这附近的魔物实在太强了……<br>我根本不是它们的对手。","所以，你可以代替我收集巨像兵的魂石吗？","要帮忙吗？<br><br><color #FF7B1A>※此危命任务的推荐等级为<value>级。</color>","谢谢，那就拜托你咯。","","这样啊……<br>好吧，那我去拜托其他人吧。",""
140,2,2,2,2,2,2,2,2,0,0,0,0,0,0,0,0,1,1,1,1,1,1,1,1,0,0,0,0,0,0,0,0,0,0,0,0,0,0,0,0,false,false,false,false,false,false,false,false,0,5,0,0,0,0,0,0,"啊，你收集到魂石了吗？","","","","帮大忙了啊。<br>但我还需要一些，拜托咯。","","这样啊，那你加把劲吧，我等着你哦。",""
141,2,2,2,2,2,2,2,2,0,0,0,0,0,0,0,0,1,1,1,1,1,1,1,1,0,0,0,0,0,0,0,0,0,0,0,0,0,0,0,0,false,false,false,false,false,false,false,false,0,0,0,0,0,0,0,0,"为了调查巨像兵是如何形成的，<br>需要收集魔物身上的巨像兵的魂石，<br>如果你拿到了，就拿过来给我吧。","","","","","","",""
142,2,2,2,2,2,2,2,2,0,0,0,0,0,0,0,0,1,1,1,1,1,1,1,1,0,0,0,0,0,0,0,0,0,0,0,0,0,0,0,0,false,false,false,false,false,false,false,false,0,0,0,0,0,0,0,0,"已经收集到所需的量了，谢谢你。<br>不过我觉得魂石还是多点好……<br>你再去多收集一点吧。","","","","","","",""
143,2,2,2,2,2,2,2,2,0,0,0,0,0,0,0,0,1,1,1,1,1,1,1,1,0,0,0,0,0,0,0,0,0,0,0,0,0,0,0,0,false,false,false,false,false,false,false,false,0,5,0,0,0,0,0,0,"谢谢你，现在已经收齐所需的量了。<br>不过呢，魂石这种材料多多益善。<br>你再去收集一点呗。","","","","谢谢你，那我收下了。<br>虽然量已经足够了。<br>这样一来调查工作也能更加精确了。","","这样啊……<br>没关系，因为量已经足够了。",""
144,2,2,2,2,2,2,2,2,0,0,0,0,0,0,0,0,1,1,1,1,1,1,1,1,0,0,0,0,0,0,0,0,0,0,0,0,0,0,0,0,false,false,false,false,false,false,false,false,0,0,0,6,0,0,0,0,"你知道凶恶的龙族中的黄龙“斯瓦拉”吗？<br>我们在阿德内尔占星台上看到那家伙正朝钢卫塔移动。","现在我们这些工兵必须立即架起对龙加农炮，<br>迎击那家伙。","不过，那家伙的眷属有可能会来妨碍我们……<br>冒险者，请用你的力量保护我们工兵部队，直到架完炮台！","要协助支援吗？<br><br><color #FF7B1A>※此危命任务的推荐等级为<value>级。</color>","","","",""
145,2,2,2,2,2,2,2,2,0,0,0,0,0,0,0,0,1,1,1,1,1,1,1,1,0,0,0,0,0,0,0,0,0,0,0,0,0,0,0,0,false,false,false,false,false,false,false,false,0,0,0,6,0,0,0,0,"基迦巨人盯上了这个地方。<br>虽然曾被我们多次击退，<br>但这次那些家伙开始盯上了运往这里的物资。","很不走运，我们也在运输物资的途中被袭击了。<br>好不容易才走到了这里，<br>但那些家伙恐怕不会轻易放弃，还会来抢夺物资吧。","护卫兵们也在途中的战斗里耗尽体力。<br>你能来帮帮我们吗？","要帮忙吗？<br><br><color #FF7B1A>※此危命任务的推荐等级为<value>级。</color>","","","也是呢……<br>没有人会奇怪到主动担下这种活吧。",""
146,0,0,0,0,0,0,0,0,0,0,0,0,0,0,0,0,1,1,1,1,1,1,1,1,0,0,0,0,0,0,0,0,0,0,0,0,0,0,0,0,false,false,false,false,false,false,false,false,0,0,0,0,0,0,0,0,"伊修加德的圣人泪是能涌出“圣人泪水”的泉眼，<br>因此广为人知。","我就是来此地求圣人泪水的。<br>但突然出现了可怕的水元精……<br>令我很困扰，可以请你代为收集圣人泪水吗？","","","","","",""
147,0,0,0,0,0,0,0,0,0,0,0,0,0,0,0,0,1,1,1,1,1,1,1,1,0,0,0,0,0,0,0,0,0,0,0,0,0,0,0,0,false,false,false,false,false,false,false,false,0,5,0,0,0,0,0,0,"那个，你拿来圣人泪水了吗？","","","","对、对！就是这个！<br>啊，要是能再多点就好了……","","这样……你是冒险者吧？<br>莫非你也是为了圣人泪水而来吗？",""
148,0,0,0,0,0,0,0,0,0,0,0,0,0,0,0,0,1,1,1,1,1,1,1,1,0,0,0,0,0,0,0,0,0,0,0,0,0,0,0,0,false,false,false,false,false,false,false,false,0,0,0,0,0,0,0,0,"有这些就行了，足够在典礼中使用了。<br>不过，最好也准备些备用的……<br>如果你还有圣人泪水的话，请务必转让给我。","","","","","","",""
149,0,0,0,0,0,0,0,0,0,0,0,0,0,0,0,0,1,1,1,1,1,1,1,1,0,0,0,0,0,0,0,0,0,0,0,0,0,0,0,0,false,false,false,false,false,false,false,false,0,5,0,0,0,0,0,0,"圣人泪水的量已经足够了。<br>不过为了以防万一，还是多准备些比较好。<br>能请你再弄来些圣人泪水吗？","","","","十分感谢。<br>你真是个助人为乐的善人。<br>你一定可以得到神明的保佑。","","好吧……<br>那个，难道……你也打算在典礼时使用圣人泪水？",""
150,2,2,2,2,2,2,2,2,0,0,0,0,0,0,0,0,1,1,1,1,1,1,1,1,0,0,0,0,0,0,0,0,0,0,0,0,0,0,0,0,false,false,false,false,false,false,false,false,0,0,0,6,0,0,0,0,"这位冒险者，你能帮帮我吗？<br>我是这个青磷精炼所的技师……<br>我有事情想委托你这样的冒险者。","我平时都是用土元精核心作为触媒，来精炼青磷水。<br>但现在一不留神把库存用光了。","本想自己去周围的土元精那里弄点来。<br>但我完全不会战斗技巧啊……<br>所以请你代替我去收集些土元精核心吧？","要帮忙吗？<br><br><color #FF7B1A>※此危命任务的推荐等级为<value>级。</color>","你愿意帮我吗？！<br>哎呀呀，太感谢你了。<br>我要的是土元精核心，那就拜托你了。","","啊……我知道了。<br>我也不会勉强你的，我再去问问别人吧。",""
151,2,2,2,2,2,2,2,2,0,0,0,0,0,0,0,0,1,1,1,1,1,1,1,1,0,0,0,0,0,0,0,0,0,0,0,0,0,0,0,0,false,false,false,false,false,false,false,false,0,0,0,0,0,0,0,0,"我要的是土元精核心。<br>那是精炼青磷水时，当做触媒用的物品。<br>拜托你了，冒险者。","打倒附近的土元精后，就可以获得土元精核心了。<br>当然，你也可以去收集那些掉落在地上的。","总之，我需要一定的数量。你拿来越多越好。","","","","",""
152,2,2,2,2,2,2,2,2,0,0,0,0,0,0,0,0,1,1,1,1,1,1,1,1,0,0,0,0,0,0,0,0,0,0,0,0,0,0,0,0,false,false,false,false,false,false,false,false,0,5,0,0,0,0,0,0,"冒险者，怎么样？<br>你拿来土元精核心了吗？","","","","是的，就是这个！<br>我要的就是这个土元精核心。<br>但数量还不够，你再去收集一点吧！","","冒险者，我要的是土元精核心啊。<br>你去收集拿来给我，越多越好！",""
153,1,1,1,1,1,1,1,1,0,0,0,0,0,0,0,0,1,1,1,1,1,1,1,1,0,0,0,0,0,0,0,0,0,0,0,0,0,0,0,0,false,false,false,false,false,false,false,false,0,0,0,6,0,0,0,0,"这位冒险者。<br>你有空去趟巨龙首营地吗？","实际上，现在需立刻前往巨龙首营地，汇报占星结果……<br>你问占星结果如何？这可是机密情报，不能告诉你……","平时会有专人陪同我一起去汇报，<br>但碰巧发生了点急事，大家又都出去了……<br>可以请你护送我到达目的地吗？","要协助护送吗？<br><br><color #FF7B1A>※此危命任务的推荐等级为<value>级。</color>","","","我明白了，很遗憾。<br>但也没有办法。<br>现在如何是好呢，必须赶快汇报才行……",""
154,2,2,2,2,2,2,2,2,0,0,0,0,0,0,0,0,1,1,1,1,1,1,1,1,0,0,0,0,0,0,0,0,0,0,0,0,0,0,0,0,false,false,false,false,false,false,false,false,0,0,0,6,0,0,0,0,"啊，感谢命运之神让我遇见你！<br>你听我说，过吊桥时，这孩子被吓跑了，<br>然后我追上它后，却发现自己迷路了。","我想去和商队汇合，<br>但现在这孩子又被魔物吓得直哆嗦……","在这孩子恢复之前，<br>你能在这里陪陪我们吗？","要帮忙吗？<br><br><color #FF7B1A>※此危命任务的推荐等级为<value>级。</color>","啊，你一定是命运之神派来的，太感谢了！","","啊，这不是场命中注定的相遇么……",""
155,2,2,2,2,2,2,2,2,0,0,0,0,0,0,0,0,1,1,1,1,1,1,1,1,0,0,0,0,0,0,0,0,0,0,0,0,0,0,0,0,false,false,false,false,false,false,false,false,0,0,0,6,0,0,0,0,"吉吉卢恩，喜欢蛋蛋！<br>卢恩族，都喜欢蛋蛋！","吉吉卢恩，没有蛋蛋！<br>吉吉卢恩，想要收集蛋蛋！","那边有好多鹈鹕。<br>你帮我弄来鹈鹕蛋！","要帮忙获取鹈鹕蛋吗？<br><br><color #FF7B1A>※此危命任务的推荐等级为<value>级。</color>","吉吉卢恩，好激动……<br>好期待蛋蛋啊……","","吉吉卢恩，好失望……<br>好想吃蛋蛋啊……",""
156,2,2,2,2,2,2,2,2,0,0,0,0,0,0,0,0,1,1,1,1,1,1,1,1,0,0,0,0,0,0,0,0,0,0,0,0,0,0,0,0,false,false,false,false,false,false,false,false,0,5,0,0,0,0,0,0,"你拿到鹈鹕蛋没？","","","","吉吉卢恩，好高兴啊。<br>再来点，再来点！","","我要鹈鹕蛋啊，快点、快点拿来！",""
157,2,2,2,2,2,2,2,2,0,0,0,0,0,0,0,0,1,1,1,1,1,1,1,1,0,0,0,0,0,0,0,0,0,0,0,0,0,0,0,0,false,false,false,false,false,false,false,false,0,0,0,0,0,0,0,0,"给我、给我鹈鹕蛋！","","","","","","",""
158,2,2,2,2,2,2,2,2,0,0,0,0,0,0,0,0,1,1,1,1,1,1,1,1,0,0,0,0,0,0,0,0,0,0,0,0,0,0,0,0,false,false,false,false,false,false,false,false,0,0,0,0,0,0,0,0,"有了好多好多鹈鹕蛋！<br>再来点，再来点！","","","","","","",""
159,2,2,2,2,2,2,2,2,0,0,0,0,0,0,0,0,1,1,1,1,1,1,1,1,0,0,0,0,0,0,0,0,0,0,0,0,0,0,0,0,false,false,false,false,false,false,false,false,0,5,0,0,0,0,0,0,"有了好多好多鹈鹕蛋，好高兴啊！<br>但还想要更多的鹈鹕蛋！","","","","吉吉卢恩，还想要更多的鹈鹕蛋！<br>再来点，再来点！","","吉吉卢恩，很激动！<br>想要更多的鹈鹕蛋！",""
160,2,2,2,2,2,2,2,2,0,0,0,0,0,0,0,0,1,1,1,1,1,1,1,1,0,0,0,0,0,0,0,0,0,0,0,0,0,0,0,0,false,false,false,false,false,false,false,false,0,0,0,6,0,0,0,0,"啊，帮帮我！冒险者！<br>帮托你了，只有你能帮我了！","我在森林劳作的时候，被森疾龙袭击了！<br>然后慌慌张张地逃到了这里……<br>但那些家伙太缠人了，还跟着我！","拜托你了，冒险者！<br>请你帮我消灭恐怖的森疾龙吧！","要帮忙消灭森疾龙吗？<br><br><color #FF7B1A>※此危命任务的推荐等级为<value>级。</color>","","","你怎么这样……<br>为什么这么无情？！",""
161,2,2,2,2,2,2,2,2,0,0,0,0,0,0,0,0,1,1,1,1,1,1,1,1,0,0,0,0,0,0,0,0,0,0,0,0,0,0,0,0,false,false,false,false,false,false,false,false,0,0,0,6,0,0,0,0,"你是谁呼啾？<br>难道你是来帮助我的呼啾？","这里是个伤心地，有很多同伴在这里去世了呼啾。<br>同伴们宝贵的遗物也落在这里了呼啾。<br>我想收回同伴们的遗物呼啾。","那些遗物是同伴们留下的纪念呼啾。<br>拜托你了，请帮我收集遗物呼啾！","要帮忙收集妖精族的遗物吗？<br><br><color #FF7B1A>※此危命任务的推荐等级为<value>级。</color>","谢谢你呼啾！<br>不过，这里也有坏妖精出没呼啾。<br>你要小心点呼啾。","","呜呜，你无情无义呼啾。<br>我讨厌你呼啾，快走开呼啾！",""
162,2,2,2,2,2,2,2,2,0,0,0,0,0,0,0,0,1,1,1,1,1,1,1,1,0,0,0,0,0,0,0,0,0,0,0,0,0,0,0,0,false,false,false,false,false,false,false,false,0,5,0,0,0,0,0,0,"你收集到同伴们的遗物了吗呼啾？","","","","谢谢你呼啾。<br>请你再收集点呼啾。","","没有吗呼啾？",""
163,2,2,2,2,2,2,2,2,0,0,0,0,0,0,0,0,1,1,1,1,1,1,1,1,0,0,0,0,0,0,0,0,0,0,0,0,0,0,0,0,false,false,false,false,false,false,false,false,0,0,0,0,0,0,0,0,"我想收集同伴们的遗物呼啾。<br>你有看见的话，就拿来给我呼啾。","","","","","","",""
164,2,2,2,2,2,2,2,2,0,0,0,0,0,0,0,0,1,1,1,1,1,1,1,1,0,0,0,0,0,0,0,0,0,0,0,0,0,0,0,0,false,false,false,false,false,false,false,false,0,0,0,0,0,0,0,0,"收集到好多，好开心呼啾。<br>不过，再多点就更好了呼啾。","","","","","","",""
165,2,2,2,2,2,2,2,2,0,0,0,0,0,0,0,0,1,1,1,1,1,1,1,1,0,0,0,0,0,0,0,0,0,0,0,0,0,0,0,0,false,false,false,false,false,false,false,false,0,5,0,0,0,0,0,0,"你又有发现了吗呼啾？<br>有的话，就交给我吧呼啾。","","","","谢谢你呼啾。<br>我还想要更多呼啾。","","没有了吗呼啾？<br>没关系，已经足够了呼啾。",""
166,2,2,2,2,2,2,2,2,0,0,0,0,0,0,0,0,1,1,1,1,1,1,1,1,0,0,0,0,0,0,0,0,0,0,0,0,0,0,0,0,false,false,false,false,false,false,false,false,0,0,0,6,0,0,0,0,"嗯？你问我为何发生争执？<br>其实，他被禁止来这个地方。<br>所以我想请他回去。","辉鳞人族因为洗澡时跳的舞蹈太猥琐了，<br>现在有很多客人向我抱怨，<br>我都说不让跳了，可就是不听……","看来只能用武力解决了。<br>可以的话，你也来帮忙吧？","要帮忙吗？<br><br><color #FF7B1A>※此危命任务的推荐等级为<value>级。</color>","","","这样……<br>辉鳞人族力气大得很，<br>心里没底啊，但也只能硬着头皮上了。",""
167,1,1,1,1,1,1,1,1,0,0,0,0,0,0,0,0,1,1,1,1,1,1,1,1,0,0,0,0,0,0,0,0,0,0,0,0,0,0,0,0,false,false,false,false,false,false,false,false,0,0,0,6,0,0,0,0,"且慢，这位冒险者！<br>请你听我说。","我现在必须赶往青磷精炼所，<br>谈妥一单生意……","但最近相当不太平啊。<br>一个人去怪可怕的，你能陪我一同前去吗？<br>可以吗？","要一同前行吗？<br><br><color #FF7B1A>※此危命任务的推荐等级为<value>级。</color>","","","坐视不理么。<br>那你走吧。",""
168,2,2,2,2,2,2,2,2,0,0,0,0,0,0,0,0,1,1,1,1,1,1,1,1,0,0,0,0,0,0,0,0,0,0,0,0,0,0,0,0,false,false,false,false,false,false,false,false,0,0,0,6,0,0,0,0,"冒险者，请你助我们一臂之力！<br>在这一带，蛮神伊弗利特的信徒们打算举行祭祀蛮神的仪式！","如果蛮神伊弗利特的力量继续增强，<br>肯定会对我们恒辉队产生不利……","那些家伙应该会在仪式中使用祭器。<br>你可以帮忙消灭警备兵和主持仪式的祭司吗？！","要帮忙吗？<br><br><color #FF7B1A>※此危命任务的推荐等级为<value>级。</color>","","","这样……不好意思，让你为难了。<br>那些家伙是不好对付……<br>你确实不该轻易参加没有胜算的战斗。",""
169,2,2,2,2,2,2,2,2,0,0,0,0,0,0,0,0,1,1,1,1,1,1,1,1,0,0,0,0,0,0,0,0,0,0,0,0,0,0,0,0,false,false,false,false,false,false,false,false,0,0,0,0,0,0,0,0,"请你阻止蜥蜴人族的蛮神信徒们，<br>那些家伙打算举行祭祀蛮神伊弗利特的仪式！","请你打倒警备兵和主持仪式的祭司。<br>这样的话，就能找到那些家伙的祭器了！","周围的信徒们估计会进行抵抗，<br>请你将他们统统消灭！<br>请多加小心！","","","","",""
170,0,0,0,0,0,0,0,0,0,0,0,0,0,0,0,0,1,1,1,1,1,1,1,1,0,0,0,0,0,0,0,0,0,0,0,0,0,0,0,0,false,false,false,false,false,false,false,false,0,0,0,6,0,0,0,0,"啊，多么可靠的冒险者啊。<br>出色的你能帮我一个忙吗？","我没注意到货车出了问题，<br>导致车上的葡萄酒掉了一地……","那些可是上等的葡萄酒，<br>现在我想把回收的葡萄酒运到葡萄酒港去……<br>但手足无力的我似乎办不到……你能帮帮我吗？","要帮忙运货吗？<br><br><color #FF7B1A>※此危命任务的推荐等级为<value>级。</color>","","","什、什么……<br>早知如此，平常多锻炼就好了……",""
171,2,2,2,2,2,2,2,2,0,0,0,0,0,0,0,0,1,1,1,1,1,1,1,1,0,0,0,0,0,0,0,0,0,0,0,0,0,0,0,0,false,false,false,false,false,false,false,false,0,0,0,0,0,0,0,0,"哎呀，帮大忙了！<br>托你的福，我现在有一堆土元精核心了。","不过，你别不舍得拿给我啊？<br>如果你还有的话，我很乐意收下的。","","","","","",""
172,2,2,2,2,2,2,2,2,0,0,0,0,0,0,0,0,1,1,1,1,1,1,1,1,0,0,0,0,0,0,0,0,0,0,0,0,0,0,0,0,false,false,false,false,false,false,false,false,0,5,0,0,0,0,0,0,"哎呀……这不是冒险者么！<br>你拿来土元精核心了吗？","","","","很好，就是这个！我就是想要这个！<br>你再去多收集点吧！","","没有了吗？<br>如果有的话，就快点拿来给我吧。<br>我再过一会儿就要走了啊。",""
173,1,1,1,1,1,1,1,1,0,0,0,0,0,0,0,0,1,1,1,1,1,1,1,1,0,0,0,0,0,0,0,0,0,0,0,0,0,0,0,0,false,false,false,false,false,false,false,false,0,0,0,6,0,0,0,0,"嘘！现在正在执行侦察任务，<br>别发出太大声音啊，冒险者……<br>暴露的话，可是会没命的……","听好了，这里出现了帝国的先遣部队。<br>虽然不知道他们怎么到这里的……<br>不过他们好像有什么企图，正在找什么东西。","……但是，听说这一带有精炼妖精出没。<br>那些家伙和帝国兵碰上的话，就要大乱了……<br>必须先打倒帝国兵，避免他们之间的全面对决！你也来帮忙吧？","要帮忙吗？<br><br><color #FF7B1A>※此危命任务的推荐等级为<value>级。</color>","真的可以吗？！<br>谢谢，欠你个人情……","","也是……一个人无法进行突击。<br>我再观察下双方的情况，弄清他们的战力吧……",""
174,1,1,1,1,1,1,1,1,0,0,0,0,0,0,0,0,1,1,1,1,1,1,1,1,0,0,0,0,0,0,0,0,0,0,0,0,0,0,0,0,false,false,false,false,false,false,false,false,0,0,0,6,0,0,0,0,"啊，可靠的冒险者，你来得正是时候。<br>我们得到情报，说是地灵军试掘地有动静。<br>所以我们便来到此地侦查……","看来情报不假，试掘作业确实要开始了。<br>趁那些家伙现在还没注意到我们，<br>必须展开奇袭，阻碍他们的试掘作业！","可以的话，请你协助我们破坏地灵族的采掘工具，<br>这也是向黑涡团打响名号的好机会啊。","要帮忙吗？<br><br><color #FF7B1A>※此危命任务的推荐等级为<value>级。</color>","","","你真的要放弃这个立功的好机会么……",""
175,2,2,2,2,2,2,2,2,0,0,0,0,0,0,0,0,1,1,1,1,1,1,1,1,0,0,0,0,0,0,0,0,0,0,0,0,0,0,0,0,false,false,false,false,false,false,false,false,0,0,0,6,0,0,0,0,"求求你帮帮我吧！<br>我和女儿在行走途中，突然遭到了最后之民信徒的袭击，<br>现在我的女儿被拐走了！","那些家伙带着我的女儿往里面跑了。<br>啊，这样下去女儿会变成“救世神”卫月的祭品！","仁慈勇敢的冒险者啊，请你帮帮我！<br>请你一定要把我的女儿从最后之民手中救出来啊！","要帮忙吗？<br><br><color #FF7B1A>※此危命任务的推荐等级为<value>级。</color>","太感谢你了！<br>我女儿应该就在里面！","","什么……<br>这是为什么……",""
176,2,2,2,2,2,2,2,2,0,0,0,0,0,0,0,0,1,1,1,1,1,1,1,1,0,0,0,0,0,0,0,0,0,0,0,0,0,0,0,0,false,false,false,false,false,false,false,false,0,0,0,0,0,0,0,0,"请你从最后之民手中救出我的女儿！<br>我女儿应该就在里面！","","","","","","",""
177,1,1,1,1,1,1,1,1,0,0,0,0,0,0,0,0,1,1,1,1,1,1,1,1,0,0,0,0,0,0,0,0,0,0,0,0,0,0,0,0,false,false,false,false,false,false,false,false,0,0,0,0,0,0,0,0,"求求你救救我！<br>我是被最后之民抓来的。","","","","","","",""
178,1,1,1,1,1,1,1,1,0,0,0,0,0,0,0,0,1,1,1,1,1,1,1,1,0,0,0,0,0,0,0,0,0,0,0,0,0,0,0,0,false,false,false,false,false,false,false,false,0,0,0,6,0,0,0,0,"感谢你的帮助！<br>看来我还没有被神明抛弃！","最后之民为了献祭，硬是把我拐到了这里。<br>如果不打倒那些家伙，恐怕以后还会发生这种事情。","所以，好心的冒险者啊，<br>可以请你打倒他们吗？<br>他们要准备仪式，应该还会来这里。","要和最后之民战斗吗？<br><br><color #FF7B1A>※此危命任务的推荐等级为<value>级。</color>","","","是吗……真遗憾。",""
179,0,0,0,0,0,0,0,0,0,0,0,0,0,0,0,0,1,1,1,1,1,1,1,1,0,0,0,0,0,0,0,0,0,0,0,0,0,0,0,0,false,false,false,false,false,false,false,false,0,0,0,0,0,0,0,0,"来，乖乖成为祭品吧！","","","","","","",""
180,0,0,0,0,0,0,0,0,0,0,0,0,0,0,0,0,0,0,0,0,0,0,0,0,0,0,0,0,0,0,0,0,0,0,0,0,0,0,0,0,false,false,false,false,false,false,false,false,0,0,0,0,0,0,0,0,"……","","","","","","",""
181,1,1,1,1,1,1,1,1,0,0,0,0,0,0,0,0,1,1,1,1,1,1,1,1,0,0,0,0,0,0,0,0,0,0,0,0,0,0,0,0,false,false,false,false,false,false,false,false,0,0,0,6,0,0,0,0,"我正在往瞭望阵营地运送物资，<br>但运货的陆行鸟受伤了……<br>现在无法行动，进退不得。","而且这一带有很多地灵族出没，<br>我又不能丢下陆行鸟，跑去求救。","现在只能推货车了……<br>可以的话，请你保护我们吧？","要帮忙吗？<br><br><color #FF7B1A>※此危命任务的推荐等级为<value>级。</color>","","","你给我记住了……",""
182,2,2,2,2,2,2,2,2,0,0,0,0,0,0,0,0,1,1,1,1,1,1,1,1,0,0,0,0,0,0,0,0,0,0,0,0,0,0,0,0,false,false,false,false,false,false,false,false,0,0,0,6,0,0,0,0,"喂……那边那个冒险者。<br>你对自己的实力有自信吗？<br>有兴趣一展身手吗？","“金刚爪”奈寨德·夏来到了赞拉克侧翼阵。<br>那家伙曾经好几次与我们恒辉队对抗，是个强敌。","现在那家伙和一些小喽啰就在这附近。<br>这可是铲除他的绝好机会啊。<br>怎么样？有兴趣当一次刺客吗？","要协助袭击吗？<br><br><color #FF7B1A>※此危命任务的推荐等级为<value>级。</color>","","","这样……你要是没自信，那也没办法。<br>正确认清自身实力也有助于你的成长。<br>变得更强吧，冒险者，到那时再助我们一臂之力。",""
183,2,2,2,2,2,2,2,2,0,0,0,0,0,0,0,0,1,1,1,1,1,1,1,1,0,0,0,0,0,0,0,0,0,0,0,0,0,0,0,0,false,false,false,false,false,false,false,false,0,0,0,0,0,0,0,0,"嗯？你也对自己的实力很有自信么？<br>那你就去赞拉克侧翼阵吧。","现在，强敌“金刚爪”奈寨德·夏就在赞拉克侧翼阵。<br>刚才我已经委托有能力的冒险者去消灭他了。","不过，你也可以进去打倒他。<br>只要有人能干掉“金刚爪”奈寨德·夏，<br>不管是谁我们都欢迎。","","","","",""
184,1,1,1,1,1,1,1,1,0,0,0,0,0,0,0,0,1,1,1,1,1,1,1,1,0,0,0,0,0,0,0,0,0,0,0,0,0,0,0,0,false,false,false,false,false,false,false,false,0,0,0,6,0,0,0,0,"喂，冒险者。<br>我们鬼哭队正在研发具有强心效果的治疗药……<br>现在需要帮手，你就来帮帮我们吧？","你可能觉得这不属于鬼哭队的职责，<br>但我们鬼哭队的任务不仅是对抗外敌。<br>像这样的工作也是很重要的……哎呀，跑题了。","总之……制作治疗药需要毒蘑菇孢子作为材料，<br>你能帮忙收集吗？<br>因为现在正处于研发阶段，量越多越好，拜托了！","要帮忙吗？<br><br><color #FF7B1A>※此危命任务的推荐等级为<value>级。</color>","你愿意帮忙么！<br>这周围应该就能采到毒蘑菇孢子……<br>那就交给你了，拜托了！","","是么……真可惜啊。<br>我再去问问其他人吧。",""
185,1,1,1,1,1,1,1,1,0,0,0,0,0,0,0,0,1,1,1,1,1,1,1,1,0,0,0,0,0,0,0,0,0,0,0,0,0,0,0,0,false,false,false,false,false,false,false,false,0,0,0,0,0,0,0,0,"毒蘑菇孢子真的有强心效果么？<br>……我一个士兵哪懂得那么多啊。<br>我也只是按上头的指示，奉命收集而已。","","","","","","",""
186,1,1,1,1,1,1,1,1,0,0,0,0,0,0,0,0,1,1,1,1,1,1,1,1,0,0,0,0,0,0,0,0,0,0,0,0,0,0,0,0,false,false,false,false,false,false,false,false,0,5,0,0,0,0,0,0,"你找到毒蘑菇孢子了吗？","","","","嗯，应该就是这个了吧？<br>抱歉，其实我也没见过实物。<br>不过听上头的描述，应该就是这个了吧。","不，肯定就是这东西！不会错的！<br>请你再去收集点吧！","呃……原来你还没找到啊。<br>听说毒蘑菇孢子对身体没什么好处。<br>你找到后，快点交给我比较好。",""
187,1,1,1,1,1,1,1,1,0,0,0,0,0,0,0,0,1,1,1,1,1,1,1,1,0,0,0,0,0,0,0,0,0,0,0,0,0,0,0,0,false,false,false,false,false,false,false,false,0,0,0,0,0,0,0,0,"有这么多一定够了吧！<br>我差不多也要回部队了，<br>如果你还有毒蘑菇孢子就快点拿来给我吧！","","","","","","",""
188,1,1,1,1,1,1,1,1,0,0,0,0,0,0,0,0,1,1,1,1,1,1,1,1,0,0,0,0,0,0,0,0,0,0,0,0,0,0,0,0,false,false,false,false,false,false,false,false,0,5,0,0,0,0,0,0,"啊，冒险者！<br>你拿来毒蘑菇孢子了吗？","","","","唔，这一定就是毒蘑菇孢子了。<br>我还会在这里呆一会儿。<br>如果你还有的话，就拿来给我吧，拜托咯。","","你不是来交给我毒蘑菇孢子的吗？<br>你有的话，我很乐意收下的。<br>不过，你处理那些东西时，可要小心点哦。",""
189,2,2,2,2,2,2,2,2,0,0,0,0,0,0,0,0,1,1,1,1,1,1,1,1,0,0,0,0,0,0,0,0,0,0,0,0,0,0,0,0,false,false,false,false,false,false,false,false,0,0,0,6,0,0,0,0,"你好啊，冒险者。<br>你知道一种叫做接雨草的植物吗？<br>那是生长在附近的一种像容器一样的红色植物。","接雨草的花蜜很容易招引蜜蜂！<br>正好可以用来为葡萄田传粉！","不过，因为蜂鸟也盯上了这种花蜜。<br>弄得我没办法采蜜了。<br>可以请你帮忙采蜜吗？","要帮忙采集接雨草花蜜吗？<br><br><color #FF7B1A>※此危命任务的推荐等级为<value>级。</color>","大恩不言谢！<br>哎呀，还好碰上了一个好心的冒险者。","","好吧，那我自己想办法吧……<br>祝你好运，冒险者。",""
190,2,2,2,2,2,2,2,2,0,0,0,0,0,0,0,0,1,1,1,1,1,1,1,1,0,0,0,0,0,0,0,0,0,0,0,0,0,0,0,0,false,false,false,false,false,false,false,false,0,0,0,0,0,0,0,0,"请你去采集接雨草花蜜。<br>哥布林族也盯上了花蜜，<br>把那些家伙消灭后，采蜜也会顺利些。","","","","","","",""
191,2,2,2,2,2,2,2,2,0,0,0,0,0,0,0,0,1,1,1,1,1,1,1,1,0,0,0,0,0,0,0,0,0,0,0,0,0,0,0,0,false,false,false,false,false,false,false,false,0,5,0,0,0,0,0,0,"你采集来接雨草花蜜了吗？","","","","对，就是这个，谢谢你！<br>这种香味……一闻就知道是接雨草花蜜了！","","接雨草是长得很高的红色花朵哦。",""
192,2,2,2,2,2,2,2,2,0,0,0,0,0,0,0,0,1,1,1,1,1,1,1,1,0,0,0,0,0,0,0,0,0,0,0,0,0,0,0,0,false,false,false,false,false,false,false,false,0,0,0,0,0,0,0,0,"接雨草花蜜的数量已经足够了。<br>感觉都能听到蜜蜂扇动翅膀的声音了。","","","","","","",""
193,2,2,2,2,2,2,2,2,0,0,0,0,0,0,0,0,1,1,1,1,1,1,1,1,0,0,0,0,0,0,0,0,0,0,0,0,0,0,0,0,false,false,false,false,false,false,false,false,0,5,0,0,0,0,0,0,"你采集来接雨草花蜜了吗？","","","","哇，谢谢你。<br>没想到你能采来这么多。<br>真是个可靠的冒险者啊，遇上你真好。","","这样，没关系的。<br>量也已经足够了。",""
194,2,2,2,2,2,2,2,2,0,0,0,0,0,0,0,0,1,1,1,1,1,1,1,1,0,0,0,0,0,0,0,0,0,0,0,0,0,0,0,0,false,false,false,false,false,false,false,false,0,0,0,6,0,0,0,0,"你是冒险者吗……<br>你看看，道路上到处都是魔物……","出去时明明不是这样啊。<br>这样我什么时候才能回去……<br>我才刚结婚，今天还想早点回去呢……","我说，如果你也顺路的话，<br>顺便把这些魔物清理了吧？","要帮忙吗？<br><br><color #FF7B1A>※此危命任务的推荐等级为<value>级。</color>","噢，谢谢。<br>这样就能早点见到妻子了。","","什、什么……<br>你这是嫉妒我刚结婚吗？",""
195,2,2,2,2,2,2,2,2,0,0,0,0,0,0,0,0,1,1,1,1,1,1,1,1,0,0,0,0,0,0,0,0,0,0,0,0,0,0,0,0,false,false,false,false,false,false,false,false,0,0,0,0,0,0,0,0,"帮我消灭道路上的魔物吧！<br>我都没办法回家了！","","","","","","",""
196,2,2,2,2,2,2,2,2,0,0,0,0,0,0,0,0,1,1,1,1,1,1,1,1,0,0,0,0,0,0,0,0,0,0,0,0,0,0,0,0,false,false,false,false,false,false,false,false,0,0,0,0,0,0,0,0,"不好了 不好了！<br>矿山里 挖出来的石像 竟然动了！<br>而且还 大闹了一番！","太可怕了 现在都 不敢进矿山了！<br>石像要是 离开矿山的话 就更不得了了。<br>谁能 帮忙去 破坏掉石像啊！","","","","","",""
197,1,1,1,1,1,1,1,1,0,0,0,0,0,0,0,0,1,1,1,1,1,1,1,1,0,0,0,0,0,0,0,0,0,0,0,0,0,0,0,0,false,false,false,false,false,false,false,false,0,0,0,0,0,0,0,0,"要是帝国兵和精炼妖精打了起来，<br>战况就会愈演愈烈……<br>听好了，现在优先攻击帝国兵！","","","","","","",""
198,1,1,1,1,1,1,1,1,0,0,0,0,0,0,0,0,1,1,1,1,1,1,1,1,0,0,0,0,0,0,0,0,0,0,0,0,0,0,0,0,false,false,false,false,false,false,false,false,0,0,0,0,0,0,0,0,"你是前来支援的冒险者吧？<br>谢谢你，说实话……<br>和下级巨人族战斗，让我感到不安。","","","","","","",""
199,2,2,2,2,2,2,2,2,0,0,0,0,0,0,0,0,1,1,1,1,1,1,1,1,0,0,0,0,0,0,0,0,0,0,0,0,0,0,0,0,false,false,false,false,false,false,false,false,0,0,0,0,0,0,0,0,"没想到那些家伙居然有夺取物资的智慧……","","","","","","",""
200,2,2,2,2,2,2,2,2,0,0,0,0,0,0,0,0,1,1,1,1,1,1,1,1,0,0,0,0,0,0,0,0,0,0,0,0,0,0,0,0,false,false,false,false,false,false,false,false,0,0,0,0,0,0,0,0,"啊，好累啊。<br>赶快收拾一下，去休息吧。","","","","","","",""
201,2,2,2,2,2,2,2,2,0,0,0,0,0,0,0,0,1,1,1,1,1,1,1,1,0,0,0,0,0,0,0,0,0,0,0,0,0,0,0,0,false,false,false,false,false,false,false,false,0,0,0,0,0,0,0,0,"早点把货物搬进去比较好。<br>那些家伙可能还会来。","","","","","","",""
202,2,2,2,2,2,2,2,2,0,0,0,0,0,0,0,0,1,1,1,1,1,1,1,1,0,0,0,0,0,0,0,0,0,0,0,0,0,0,0,0,false,false,false,false,false,false,false,false,0,0,0,0,0,0,0,0,"哇啊！我还以为已经安全了……<br>竟然追到了这里！","","","","","","",""
203,2,2,2,2,2,2,2,2,0,0,0,0,0,0,0,0,1,1,1,1,1,1,1,1,0,0,0,0,0,0,0,0,0,0,0,0,0,0,0,0,false,false,false,false,false,false,false,false,0,0,0,0,0,0,0,0,"可恶！烦人的下级巨人族！<br>可是……现在我们这身装备，什么都干不了啊。","","","","","","",""
204,2,2,2,2,2,2,2,2,0,0,0,0,0,0,0,0,1,1,1,1,1,1,1,1,0,0,0,0,0,0,0,0,0,0,0,0,0,0,0,0,false,false,false,false,false,false,false,false,0,0,0,0,0,0,0,0,"队长！感觉变冷了，<br>今天就算了，先回去吧？","","","","","","",""
205,2,2,2,2,2,2,2,2,0,0,0,0,0,0,0,0,1,1,1,1,1,1,1,1,0,0,0,0,0,0,0,0,0,0,0,0,0,0,0,0,false,false,false,false,false,false,false,false,0,0,0,0,0,0,0,0,"拜托你了，冒险者！<br>现在只能靠你了！","","","","","","",""
206,2,2,2,2,2,2,2,2,0,0,0,0,0,0,0,0,1,1,1,1,1,1,1,1,0,0,0,0,0,0,0,0,0,0,0,0,0,0,0,0,false,false,false,false,false,false,false,false,0,0,0,0,0,0,0,0,"喂，就看你的了。<br>没有你在的话，我们可就麻烦了。","","","","","","",""
207,2,2,2,2,2,2,2,2,0,0,0,0,0,0,0,0,1,1,1,1,1,1,1,1,0,0,0,0,0,0,0,0,0,0,0,0,0,0,0,0,false,false,false,false,false,false,false,false,0,0,0,0,0,0,0,0,"这种时候的冒险者还真可靠啊。<br>加油，干掉那些家伙！","","","","","","",""
208,2,2,2,2,2,2,2,2,0,0,0,0,0,0,0,0,1,1,1,1,1,1,1,1,0,0,0,0,0,0,0,0,0,0,0,0,0,0,0,0,false,false,false,false,false,false,false,false,0,0,0,0,0,0,0,0,"先休息下吧。<br>等后面的人跟上来后，再出发吧。","","","","","","",""
209,2,2,2,2,2,2,2,2,0,0,0,0,0,0,0,0,1,1,1,1,1,1,1,1,0,0,0,0,0,0,0,0,0,0,0,0,0,0,0,0,false,false,false,false,false,false,false,false,0,0,0,0,0,0,0,0,"真是的，什么情况啊，<br>按道理应该追上来了啊。<br>难道碰上什么意外了？","","","","","","",""
210,1,1,1,1,1,1,1,1,0,0,0,0,0,0,0,0,1,1,1,1,1,1,1,1,0,0,0,0,0,0,0,0,0,0,0,0,0,0,0,0,false,false,false,false,false,false,false,false,0,0,0,0,0,0,0,0,"救、救救我！<br>我、我不想死啊！","","","","","","",""
211,1,1,1,1,1,1,1,1,0,0,0,0,0,0,0,0,1,1,1,1,1,1,1,1,0,0,0,0,0,0,0,0,0,0,0,0,0,0,0,0,false,false,false,false,false,false,false,false,0,0,0,0,0,0,0,0,"啊！为什么，为什么会这样！<br>谁来救救我啊！","","","","","","",""
212,2,2,2,2,2,2,2,2,0,0,0,0,0,0,0,0,1,1,1,1,1,1,1,1,0,0,0,0,0,0,0,0,0,0,0,0,0,0,0,0,false,false,false,false,false,false,false,false,0,0,0,0,0,0,0,0,"啊！真让人着急！<br>那种货色三两下就能解决了啊！","","","","","","",""
213,2,2,2,2,2,2,2,2,0,0,0,0,0,0,0,0,1,1,1,1,1,1,1,1,0,0,0,0,0,0,0,0,0,0,0,0,0,0,0,0,false,false,false,false,false,false,false,false,0,0,0,0,0,0,0,0,"……这样下去会两败俱伤，<br>我被抓的事情应该就不会败露了吧……","","","","","","",""
214,2,2,2,2,2,2,2,2,0,0,0,0,0,0,0,0,1,1,1,1,1,1,1,1,0,0,0,0,0,0,0,0,0,0,0,0,0,0,0,0,false,false,false,false,false,false,false,false,0,0,0,6,0,0,0,0,"冒险者，您要加入到我们既欢庆热闹又诡异非凡的游行中吗？","游行开始之后，“妖异的奇术师”会改变您的形象……<br>接下来就是以变身后的形象去对观光的市民们施加幸运的魔咒，<br>嘿嘿嘿……","您意下如何，愿意加入到游行的队伍中，给人们带去幸福和欢乐吗？","要参加游行吗？","","","哦？真是遗憾……<br>如果您改变了想法，请务必再来找我……<br>嘿嘿嘿……",""
215,2,2,2,2,2,2,2,2,0,0,0,0,0,0,0,0,1,1,1,1,1,1,1,1,0,0,0,0,0,0,0,0,0,0,0,0,0,0,0,0,false,false,false,false,false,false,false,false,0,0,6,0,0,0,0,0,"セリフ1","セリフ2","セリフを話しますか？","","はい","","いいえ",""
216,0,0,0,0,0,0,0,0,0,0,0,0,0,0,0,0,0,0,0,0,0,0,0,0,0,0,0,0,0,0,0,0,0,0,0,0,0,0,0,0,false,false,false,false,false,false,false,false,0,0,0,0,0,0,0,0,"","","","","","","",""
217,0,0,0,0,0,0,0,0,0,0,0,0,0,0,0,0,0,0,0,0,0,0,0,0,0,0,0,0,0,0,0,0,0,0,0,0,0,0,0,0,false,false,false,false,false,false,false,false,0,0,0,0,0,0,0,0,"","","","","","","",""
218,0,0,0,0,0,0,0,0,0,0,0,0,0,0,0,0,0,0,0,0,0,0,0,0,0,0,0,0,0,0,0,0,0,0,0,0,0,0,0,0,false,false,false,false,false,false,false,false,0,0,0,0,0,0,0,0,"","","","","","","",""
219,0,0,0,0,0,0,0,0,0,0,0,0,0,0,0,0,0,0,0,0,0,0,0,0,0,0,0,0,0,0,0,0,0,0,0,0,0,0,0,0,false,false,false,false,false,false,false,false,0,0,0,0,0,0,0,0,"","","","","","","",""
220,0,0,0,0,0,0,0,0,0,0,0,0,0,0,0,0,0,0,0,0,0,0,0,0,0,0,0,0,0,0,0,0,0,0,0,0,0,0,0,0,false,false,false,false,false,false,false,false,0,0,0,0,0,0,0,0,"","","","","","","",""
221,2,2,2,2,2,2,2,2,0,0,0,0,0,0,0,0,1,1,1,1,1,1,1,1,0,0,0,0,0,0,0,0,0,0,0,0,0,0,0,0,false,false,false,false,false,false,false,false,0,0,6,0,0,0,0,0,"莫古在被古恐龙追库啵，<br>莫古只是稍微挑衅了一下它库啵，<br>结果它就气得满脸通红了库啵！","它们的鼻子特别好使，估计也快追到这里了库啵，<br>莫古看你挺闲的，要不要来帮莫古赶走古恐龙库啵？","要帮忙吗？<br><br><color #FF7B1A>※此危命任务的推荐等级为<value>级。</color>","","","","啧……真是不中用的冒险者啊库啵！<br>这里很危险，你还是快逃跑吧库啵！",""
222,2,2,2,2,2,2,2,2,0,0,0,0,0,0,0,0,1,1,1,1,1,1,1,1,0,0,0,0,0,0,0,0,0,0,0,0,0,0,0,0,false,false,false,false,false,false,false,false,0,6,0,0,0,0,0,0,"冒险者你来得正是时候库啵。<br>同伴们都很困惑库啵，都是因为那家伙不顾周围自私任性库啵。<br>莫古希望你能教训一下他库啵！","要教训吗？<br><br><color #FF7B1A>※此危命任务的推荐等级为<value>级。</color>","","","","","啊，是这样啊库啵……<br>不过不过，如果你改变想法想要帮莫古了的话，<br>就随时回来找莫古吧库啵！",""
223,2,2,2,2,2,2,2,2,0,0,0,0,0,0,0,0,1,1,1,1,1,1,1,1,0,0,0,0,0,0,0,0,0,0,0,0,0,0,0,0,false,false,false,false,false,false,false,false,0,0,0,0,0,0,0,0,"嘻嘻……有好多宝物呀库啵！<br>不过不过，莫古还想要更多库啵！<br>请再去收集一些吧库啵！","","","","","","",""
224,2,2,2,2,2,2,2,2,0,0,0,0,0,0,0,0,1,1,1,1,1,1,1,1,0,0,0,0,0,0,0,0,0,0,0,0,0,0,0,0,false,false,false,false,false,false,false,false,0,5,0,0,0,0,0,0,"收集了好多宝物呢库啵！<br>莫古还想要更多库啵！","","","","嘻嘻……谢谢你库啵！<br>莫古还想要更多库啵！","","宝物有好多好多了库啵。<br>莫古都快拿不动了库啵！",""
225,2,2,2,2,2,2,2,2,0,0,0,0,0,0,0,0,1,1,1,1,1,1,1,1,0,0,0,0,0,0,0,0,0,0,0,0,0,0,0,0,false,false,false,false,false,false,false,false,0,0,0,0,0,0,0,0,"这里有很多宝物库啵！<br>莫古希望你能帮莫古找来圆形闪闪发亮的东西库啵，<br>要好多好多库啵！","","","","","","",""
226,2,2,2,2,2,2,2,2,0,0,0,0,0,0,0,0,1,1,1,1,1,1,1,1,0,0,0,0,0,0,0,0,0,0,0,0,0,0,0,0,false,false,false,false,false,false,false,false,0,0,6,0,0,0,0,0,"嘻嘻……这里有很多宝物库啵！<br>莫古希望你能帮忙收集一下圆形闪闪发亮的东西库啵！","莫古最喜欢闪闪发亮的东西了库啵！<br>收集宝物好浪漫库啵，<br>希望你能帮帮莫古库啵！","要帮忙吗？<br><br><color #FF7B1A>※此危命任务的推荐等级为<value>级。</color>","","谢谢你库啵！<br>那就请你收集好宝物后给莫古拿来吧库啵！","","库啵……你不愿意帮莫古吗库啵？",""
227,2,2,2,2,2,2,2,2,0,0,0,0,0,0,0,0,1,1,1,1,1,1,1,1,0,0,0,0,0,0,0,0,0,0,0,0,0,0,0,0,false,false,false,false,false,false,false,false,0,5,0,0,0,0,0,0,"收集到宝物了吗库啵？","","","","谢谢你库啵！<br>莫古还想要更多库啵！","","如果你能拿来更多的话，<br>莫古就给你份礼物库啵！",""
228,1,1,1,1,1,1,1,1,0,0,0,0,0,0,0,0,1,1,1,1,1,1,1,1,0,0,0,0,0,0,0,0,0,0,0,0,0,0,0,0,false,false,false,false,false,false,false,false,0,0,0,6,0,0,0,0,"那边的冒险者，等下！<br>请你听一下我的请求呱！","我受玛托雅大人委托出去办事，<br>现在正准备回去呱。","可是，最近魔物变多了，<br>我一个人回去很不安啊呱！<br>求求你陪我走到洞穴好吗呱？","要帮忙吗？<br><br><color #FF7B1A>※此危命任务的推荐等级为<value>级。</color>","","","……你不愿意帮我吗呱？<br>真是冷血呱！",""
229,2,2,2,2,2,2,2,2,0,0,0,0,0,0,0,0,1,1,1,1,1,1,1,1,0,0,0,0,0,0,0,0,0,0,0,0,0,0,0,0,false,false,false,false,false,false,false,false,0,0,0,0,0,0,0,0,"呼哧……呼哧……<br>青蓝之手 在开发 新兵器！<br>将收集的证据 拿给同伴看！","","","","","","",""
230,2,2,2,2,2,2,2,2,0,0,0,0,0,0,0,0,1,1,1,1,1,1,1,1,0,0,0,0,0,0,0,0,0,0,0,0,0,0,0,0,false,false,false,false,false,false,false,false,0,0,0,6,0,0,0,0,"呼哧……呼哧……<br>那边的人 请听我说！","科学家组织青蓝之手 正在开发新兵器！<br>大概 绝对 不会错！<br>但是 证据不足！","呼哧……呼哧……<br>所以我想 请你帮忙 收集证据！<br>同伴们 都被干掉了！","要帮忙吗？<br><br><color #FF7B1A>※此危命任务的推荐等级为<value>级。</color>","呼哧……呼哧……<br>谢谢你 拜托你了！","","呼哧……呼哧……<br>我知道了 真可惜！<br>那么现在 怎么办才好！",""
231,2,2,2,2,2,2,2,2,0,0,0,0,0,0,0,0,1,1,1,1,1,1,1,1,0,0,0,0,0,0,0,0,0,0,0,0,0,0,0,0,false,false,false,false,false,false,false,false,0,0,0,0,0,0,0,0,"呼哧……呼哧……<br>我还需要 更多有关 新兵器的证据！","","","","","","",""
232,2,2,2,2,2,2,2,2,0,0,0,0,0,0,0,0,1,1,1,1,1,1,1,1,0,0,0,0,0,0,0,0,0,0,0,0,0,0,0,0,false,false,false,false,false,false,false,false,0,5,0,0,0,0,0,0,"呼哧……呼哧……<br>找到有关 新兵器的证据了吗？","","","","呼哧……呼哧……<br>原来如此 可疑的部件！<br>再找找看 有没有其他的！","","呼哧……呼哧……<br>请拿来 可疑的部件 给我看！",""
233,2,2,2,2,2,2,2,2,0,0,0,0,0,0,0,0,1,1,1,1,1,1,1,1,0,0,0,0,0,0,0,0,0,0,0,0,0,0,0,0,false,false,false,false,false,false,false,false,0,5,0,0,0,0,0,0,"呼哧……呼哧……<br>找到有关 新兵器的证据了吗？","","","","呼哧……呼哧……<br>我需要 更多证据！<br>请再收集点 其他证据！","","呼哧……呼哧……<br>请多收集些证据！",""
234,2,2,2,2,2,2,2,2,0,0,0,0,0,0,0,0,1,1,1,1,1,1,1,1,0,0,0,0,0,0,0,0,0,0,0,0,0,0,0,0,false,false,false,false,false,false,false,false,0,0,0,6,0,0,0,0,"终于达成了夙愿，完成了征龙像的巡礼！","只是，这样下去可不行……<br>这附近有很多魔物在向这里靠近，<br>它们一定会污染这圣像。","冒险者，怎么样？<br>与我一起战斗消灭魔物吧！","要帮忙吗？<br><br><color #FF7B1A>※此危命任务的推荐等级为<value>级。</color>","","","你不愿意帮忙？<br>哼……你这种无礼之人，早晚会遭受神罚！",""
235,1,1,1,1,1,1,1,1,0,0,0,0,0,0,0,0,1,1,1,1,1,1,1,1,0,0,0,0,0,0,0,0,0,0,0,0,0,0,0,0,false,false,false,false,false,false,false,false,0,0,0,6,0,0,0,0,"这个男人正在寻求对手。<br>虽然我也进行挑战了，可是实力却相差甚远。<br>真是输得颜面无存。","他被人称作尖锐枪阿莱姆贝。<br>是一名前途无量的年轻龙骑士，<br>隶属伊修加德的精英龙骑士团。","他是我至今为止见过最强的男人，<br>你不想挑战一下试试吗？","要挑战吗？<br><br><color #FF7B1A>※此危命任务的推荐等级为<value>级。</color>","","","也是，不挑战才是明智选择，<br>我就是非要挑战，才认清了自己过弱的事实。",""
236,2,2,2,2,2,2,2,2,0,0,0,0,0,0,0,0,1,1,1,1,1,1,1,1,0,0,0,0,0,0,0,0,0,0,0,0,0,0,0,0,false,false,false,false,false,false,false,false,0,0,0,0,0,0,0,0,"呼哧……呼哧……<br>收集到不少 研究资料了！<br>这下研究  能有进展了！","","","","","","",""
237,2,2,2,2,2,2,2,2,0,0,0,0,0,0,0,0,1,1,1,1,1,1,1,1,0,0,0,0,0,0,0,0,0,0,0,0,0,0,0,0,false,false,false,false,false,false,false,false,0,0,5,0,0,0,0,0,"呼哧……呼哧……<br>谢谢你能 帮忙收集 研究资料！","我还需要 更多更多 研究资料！<br>缺少的资料 还差很多！","","","呼哧……呼哧……<br>这个是 新的资料？<br>真是帮了 我们大忙！","","呼哧……呼哧……<br>找不到 研究资料？",""
238,2,2,2,2,2,2,2,2,0,0,0,0,0,0,0,0,1,1,1,1,1,1,1,1,0,0,0,0,0,0,0,0,0,0,0,0,0,0,0,0,false,false,false,false,false,false,false,false,0,0,0,0,0,0,0,0,"呼哧……呼哧……<br>请拿来 掉落在附近的 资料！","","","","","","",""
239,2,2,2,2,2,2,2,2,0,0,0,0,0,0,0,0,1,1,1,1,1,1,1,1,0,0,0,0,0,0,0,0,0,0,0,0,0,0,0,0,false,false,false,false,false,false,false,false,0,0,0,6,0,0,0,0,"呼哧……呼哧……<br>这里有很多 研究资料！<br>是建造 图书馆的人 留下的！","我在这附近 找到了一部分 资料！<br>可是却被 青蓝之手袭击 资料都弄掉了！","呼哧……呼哧……<br>如果捡到资料 请拿来给我！<br>没准也有魔物 拿着资料！","要帮忙吗？<br><br><color #FF7B1A>※此危命任务的推荐等级为<value>级。</color>","呼哧……呼哧……<br>帮大忙了 这下调查 能有进展了！","","呼哧……呼哧……<br>这可怎么办 才好……",""
240,2,2,2,2,2,2,2,2,0,0,0,0,0,0,0,0,1,1,1,1,1,1,1,1,0,0,0,0,0,0,0,0,0,0,0,0,0,0,0,0,false,false,false,false,false,false,false,false,0,5,0,0,0,0,0,0,"呼哧……呼哧……<br>建造 图书馆的人 做了许多 贵重实验！<br>所以这里 有许多 贵重资料！","","","","呼哧……呼哧……<br>谢谢你 帮忙找来 贵重资料！<br>应该还有 更多才对！","","呼哧……呼哧……<br>研究资料 还有更多 才对！<br>请再收集些！",""
241,2,2,2,2,2,2,2,2,0,0,0,0,0,0,0,0,1,1,1,1,1,1,1,1,0,0,0,0,0,0,0,0,0,0,0,0,0,0,0,0,false,false,false,false,false,false,false,false,0,0,6,0,0,0,0,0,"你听我说！<br>这男的根本不配待在荣光永存的圣菲奈联队。<br>他经常夺取同伴的功劳！","无论如何都要教训他一顿不可……<br>可问题是，这家伙实力还称得上不错……<br>所以能不能请你帮帮忙？","要帮忙吗？<br><br><color #FF7B1A>※此危命任务的推荐等级为<value>级。</color>","","","","这样啊……<br>不认识的人请你帮忙，确实有些唐突。<br>真是抱歉，请你忘记这事吧。",""
242,2,2,2,2,2,2,2,2,0,0,0,0,0,0,0,0,1,1,1,1,1,1,1,1,0,0,0,0,0,0,0,0,0,0,0,0,0,0,0,0,false,false,false,false,false,false,false,false,0,0,0,0,0,0,0,0,"就没有能让我热血沸腾的人吗？","","","","","","",""
243,1,1,1,1,1,1,1,1,0,0,0,0,0,0,0,0,1,1,1,1,1,1,1,1,0,0,0,0,0,0,0,0,0,0,0,0,0,0,0,0,false,false,false,false,false,false,false,false,0,0,0,6,0,0,0,0,"你好啊库啵。<br>莫非你正要前往天极白垩宫库啵？","莫古也正要前往天极白垩宫呢库啵。<br>其实，莫古特别喜欢打扫，<br>经常会去那里打扫呢库啵！","平时陪我一起去的朋友今天碰巧有事不在库啵，<br>所以莫古有些不安，能不能陪莫古一起去呢库啵？","要协助护送吗？<br><br><color #FF7B1A>※此危命任务的推荐等级为<value>级。</color>","","","真可惜，不过也没办法库啵。<br>库啵啵……好可怕啊库啵……",""
244,1,1,1,1,1,1,1,1,0,0,0,0,0,0,0,0,1,1,1,1,1,1,1,1,0,0,0,0,0,0,0,0,5,5,5,5,5,5,5,5,false,false,false,false,false,false,false,false,0,0,0,6,0,0,0,0,"那、那个……<br>你认识维德弗尼尔大人吧？<br>我有事想请你帮忙！","我们被邪龙眷属袭击了……<br>然后叔叔为了让我逃走，独自一人留在了那里战斗，<br>虽然我顺利逃到了这里，可是还是很担心叔叔……","所以，拜托你了！<br>请帮帮我叔叔加拉尔！","要帮忙吗？<br><br><color #FF7B1A>※此危命任务的推荐等级为<value>级。</color>","","","怎么会这样……<br>这可怎么办才好。",""
245,1,1,1,1,1,1,1,1,0,0,0,0,0,0,0,0,1,1,1,1,1,1,1,1,0,0,0,0,0,0,0,0,5,5,5,5,5,5,5,5,false,false,false,false,false,false,false,false,0,0,0,6,0,0,0,0,"冒险者，你来得正是时候，<br>刚才的咆哮声，你也听到了对吧，<br>那是龙族准备袭击了的信号。","邪龙的眷属们在附近聚集着，<br>我已经能感受到龙族的气息了，而且数量还很多！","不过不用害怕，有我在呢！<br>那些家伙不纠朋结党的话，什么事都做不了！<br>怎么样？要不要与我一起战斗？","要一起战斗吗？<br><br><color #FF7B1A>※此危命任务的推荐等级为<value>级。</color>","","","这样啊，那就快离开这里吧！<br>如果被卷入战斗的话，就不是闹着玩的了。",""
246,2,2,2,2,2,2,2,2,0,0,0,0,0,0,0,0,1,1,1,1,1,1,1,1,0,0,0,0,0,0,0,0,0,0,0,0,0,0,0,0,false,false,false,false,false,false,false,false,0,0,0,0,0,0,0,0,"库啵啵……莫古的朋友不见了库啵。<br>不过，莫古好像能从那家伙的肚子里听到库啵库啵的声音，<br>到底是怎么回事呢库啵？","","","","","","",""
247,1,1,1,1,1,1,1,1,0,0,0,0,0,0,0,0,1,1,1,1,1,1,1,1,0,0,0,0,0,0,0,0,0,0,0,0,0,0,0,0,false,false,false,false,false,false,false,false,0,0,6,0,0,0,0,0,"请听听我的请求。<br>我经常被栖息在这里的虫子追，很是困扰。<br>能否帮我击退它们呢？","我也不知道为什么，虫子都喜欢追我，<br>如果被它们靠近了的话就晚了，<br>能否请你找出它们呢？","要帮忙吗？<br><br><color #FF7B1A>※此危命任务的推荐等级为<value>级。</color>","","","","如果你想帮忙了就再来找我，拜托了！",""
248,1,1,1,1,1,1,1,1,0,0,0,0,0,0,0,0,1,1,1,1,1,1,1,1,0,0,0,0,0,0,0,0,0,0,0,0,0,0,0,0,false,false,false,false,false,false,false,false,0,0,0,0,0,0,0,0,"衮杜族正在追我。<br>请帮我击退他们吧。","","","","","","",""
249,1,1,1,1,1,1,1,1,0,0,0,0,0,0,0,0,1,1,1,1,1,1,1,1,0,0,0,0,0,0,0,0,0,0,0,0,0,0,0,0,false,false,false,false,false,false,false,false,0,0,6,0,0,0,0,0,"那边的、那边的旅人！<br>能否请你从那边的水元精身上收集泉水核心呢？","其实、其实我们家乡的干净水不多了，<br>泉水核心是水之源泉，<br>融化掉后能产生比雨水还清澈的水。","要帮忙吗？<br><br><color #FF7B1A>※此危命任务的推荐等级为<value>级。</color>","","对了、对了，打倒水元精就会有泉水核心掉落，<br>或者你可以捡地上现成的！","","对不起、对不起，<br>我差点把与我们无关的人牵扯进来……",""
250,1,1,1,1,1,1,1,1,0,0,0,0,0,0,0,0,1,1,1,1,1,1,1,1,0,0,0,0,0,0,0,0,0,0,0,0,0,0,0,0,false,false,false,false,false,false,false,false,0,5,0,0,0,0,0,0,"怎么样、怎么样？<br>收集到泉水核心了吗？","","","","很好、很好。<br>我还要、我还要更多！","","是吗、是吗。<br>真是可惜，不过也没办法。",""
251,1,1,1,1,1,1,1,1,0,0,0,0,0,0,0,0,1,1,1,1,1,1,1,1,0,0,0,0,0,0,0,0,0,0,0,0,0,0,0,0,false,false,false,false,false,false,false,false,0,0,0,0,0,0,0,0,"我在、我在收集泉水核心，<br>如果你有的话，请让给我好吗？","","","","","","",""
252,1,1,1,1,1,1,1,1,0,0,0,0,0,0,0,0,1,1,1,1,1,1,1,1,0,0,0,0,0,0,0,0,0,0,0,0,0,0,0,0,false,false,false,false,false,false,false,false,0,0,0,0,0,0,0,0,"收集、收集了不少泉水核心了，<br>不过，如果还有更多的话，也请让给我。","","","","","","",""
253,1,1,1,1,1,1,1,1,0,0,0,0,0,0,0,0,1,1,1,1,1,1,1,1,0,0,0,0,0,0,0,0,0,0,0,0,0,0,0,0,false,false,false,false,false,false,false,false,0,5,0,0,0,0,0,0,"很好、很好！<br>泉水核心虽然已经收集够了，<br>不过有更多的话，我会更安心。","","","","谢谢、谢谢你。<br>如及时雨般的热心人，谢谢你！","","这样、这样啊，没关系。<br>已经收集到，足够的量了。",""
254,1,1,1,1,1,1,1,1,0,0,0,0,0,0,0,0,1,1,1,1,1,1,1,1,0,0,0,0,0,0,0,0,0,0,0,0,0,0,0,0,false,false,false,false,false,false,false,false,0,0,0,6,0,0,0,0,"求求、求求你帮帮我。<br>如暴风雪般蛮横无理的温杜族正在追我。","那是、那是不知道什么时候的事了。<br>我被他们抓了起来，待遇犹如奴隶一般，<br>经过千辛万苦，我终于逃了出来。","可是、可是脚却受了伤，<br>不能正常行走，<br>能否请你护卫我到家乡呢？","要协助护送吗？<br><br><color #FF7B1A>※此危命任务的推荐等级为<value>级。</color>","","","真是、真是冷血的人！",""
255,1,1,1,1,1,1,1,1,0,0,0,0,0,0,0,0,1,1,1,1,1,1,1,1,0,0,0,0,0,0,0,0,0,0,0,0,0,0,0,0,false,false,false,false,false,false,false,false,0,6,0,0,0,0,0,0,"咔咔……咔……这里是检查系统，<br>探测器发现了工作机器的异常动作，<br>现在需要强制停止这些机器。","要帮忙吗？<br><br><color #FF7B1A>※此危命任务的推荐等级为<value>级。</color>","","","","","咔咔……咔……",""
256,1,1,1,1,1,1,1,1,0,0,0,0,0,0,0,0,1,1,1,1,1,1,1,1,0,0,0,0,0,0,0,0,5,5,5,5,5,5,5,5,false,false,false,false,false,false,false,false,0,0,6,0,0,0,0,0,"请问你有没有见过和我一样的年轻龙族？<br>我在找我的朋友，它自从出去后就没再回来。","我一直在担心它是不是被邪龙眷属袭击了，<br>拜托了，请帮忙找到我朋友！","要帮忙吗？<br><br><color #FF7B1A>※此危命任务的推荐等级为<value>级。</color>","","","","突然跟你说这些事真是对不起，<br>我还是老老实实在这里等我朋友回来吧。",""
257,2,2,2,2,2,2,2,2,0,0,0,0,0,0,0,0,1,1,1,1,1,1,1,1,0,0,0,0,0,0,0,0,0,0,0,0,0,0,0,0,false,false,false,false,false,false,false,false,0,6,0,0,0,0,0,0,"我们被一种叫风筝猫的魔物再三袭击，<br>好像是因为我们的粮食中有着它们非常喜欢的东西，<br>能不能请你帮忙一起保护好我们的粮食？","要帮忙吗？<br><br><color #FF7B1A>※此危命任务的推荐等级为<value>级。</color>","","","","","真是抱歉，提出这么过分的请求，<br>因为这里是补给困难的边境基地，<br>所以有没有粮食直接关系到生死。",""
258,2,2,2,2,2,2,2,2,0,0,0,0,0,0,0,0,1,1,1,1,1,1,1,1,0,0,0,0,0,0,0,0,0,0,0,0,0,0,0,0,false,false,false,false,false,false,false,false,0,0,0,0,0,0,0,0,"我需要野生陆行鸟的羽毛，<br>用那种羽毛做箭羽再合适不过了，<br>这附近地上有掉落的羽毛，请帮我收集些来吧。","掉落的羽毛经常会黏在魔物身上，<br>如果你对自己的实力有自信的话，<br>可以打倒魔物后拾取它们身上的羽毛。","","","","","",""
259,2,2,2,2,2,2,2,2,0,0,0,0,0,0,0,0,1,1,1,1,1,1,1,1,0,0,0,0,0,0,0,0,0,0,0,0,0,0,0,0,false,false,false,false,false,false,false,false,0,0,6,0,0,0,0,0,"在这附近，有魔物袭击了陆行鸟，<br>所以地上掉落了许多刚刚脱落下来的野生陆行鸟的羽毛。","拜托了，能不能帮我收集一下野生陆行鸟的羽毛？<br>我们想用这种羽毛制作弓箭的箭羽，<br>然后再用这种箭猎捕陆行鸟……","要帮忙吗？<br><br><color #FF7B1A>※此危命任务的推荐等级为<value>级。</color>","","","","这样啊，真是遗憾。<br>哎，羽毛的量就是不够啊！",""
260,2,2,2,2,2,2,2,2,0,0,0,0,0,0,0,0,1,1,1,1,1,1,1,1,0,0,0,0,0,0,0,0,0,0,0,0,0,0,0,0,false,false,false,false,false,false,false,false,0,5,0,0,0,0,0,0,"你拿来野生陆行鸟的羽毛了吗？","","","","谢谢你，帮大忙了！<br>请再多收集一些吧！","","这样啊，真是遗憾。<br>哎，我还需要很多陆行鸟的羽毛！",""
261,2,2,2,2,2,2,2,2,0,0,0,0,0,0,0,0,1,1,1,1,1,1,1,1,0,0,0,0,0,0,0,0,0,0,0,0,0,0,0,0,false,false,false,false,false,false,false,false,0,0,0,0,0,0,0,0,"多亏了你，让我收集到了足够的野生陆行鸟的羽毛。<br>不过，这东西再多也不嫌多……<br>如果你还愿意帮我收集的话，我会很乐意地收下！","","","","","","",""
262,2,2,2,2,2,2,2,2,0,0,0,0,0,0,0,0,1,1,1,1,1,1,1,1,0,0,0,0,0,0,0,0,0,0,0,0,0,0,0,0,false,false,false,false,false,false,false,false,0,5,0,0,0,0,0,0,"你拿来了很多野生陆行鸟的羽毛啊。<br>真是怎么谢你都不够呢！","","","","真是帮了大忙了！<br>因为我们猎人是靠弓箭吃饭的嘛，<br>所以有多少都不嫌多！","","已经收集干净了吧……",""
263,1,1,1,1,1,1,1,1,0,0,0,0,0,0,0,0,1,1,1,1,1,1,1,1,0,0,0,0,0,0,0,0,0,0,0,0,0,0,0,0,false,false,false,false,false,false,false,false,0,0,0,0,0,0,0,0,"哎，真是讨厌。<br>难得的休假就这么被糟蹋了。<br>我还说好好休息一下呢！","","","","","","",""
264,2,2,2,2,2,2,2,2,0,0,0,0,0,0,0,0,1,1,1,1,1,1,1,1,0,0,0,0,0,0,0,0,0,0,0,0,0,0,0,0,false,false,false,false,false,false,false,false,0,0,0,6,0,0,0,0,"嗯？啊，事情是这样的，<br>其实这里已经把他列入了禁止入内的名单里，<br>所以我不能让他进去。","辉鳞人族在入浴的时候总会跳一些特别猥琐的舞蹈，<br>这让其他客人非常困扰，<br>我说让他离开吧，可他又不肯走，真是伤脑筋……","实在不行的话，只能强行把他赶走了。<br>可以的话，能请你帮忙把他赶走吗？","要帮忙吗？<br><br><color #FF7B1A>※此危命任务的推荐等级为<value>级。</color>","","","这样啊……那就没办法了，只好我自己来了……<br>没记错的话辉鳞人族还挺强的，我能顺利赶走他吗……",""
265,2,2,2,2,2,2,2,2,0,0,0,0,0,0,0,0,1,1,1,1,1,1,1,1,0,0,0,0,0,0,0,0,0,0,0,0,0,0,0,0,false,false,false,false,false,false,false,false,0,0,6,0,0,0,0,0,"那边的海盗们想要放自制的烟花！<br>我跟他们说这非常危险，可是他们却不听话硬要放！<br>只能用武力阻止他们了！","如果你对自己的实力有自信的话，<br>能否请你帮忙阻止这群海盗？<br>其实……我对自己的实力很没自信……","要帮忙吗？<br><br><color #FF7B1A>※此危命任务的推荐等级为<value>级。</color>","","","","这样啊……好吧。<br>抱歉，让你为难了，我再找找别人好了。",""
266,2,2,2,2,2,2,2,2,0,0,0,0,0,0,0,0,1,1,1,1,1,1,1,1,0,0,0,0,0,0,0,0,0,0,0,0,0,0,0,0,false,false,false,false,false,false,false,false,0,0,0,0,0,0,0,0,"我希望你能在这沙滩附近回收“海盗的秘造酒”。","无论是抢他们手里的，还是回收放在空地的都随你，<br>只要能尽可能多地回收秘造酒就可以了。","","","","","",""
267,2,2,2,2,2,2,2,2,0,0,0,0,0,0,0,0,1,1,1,1,1,1,1,1,0,0,0,0,0,0,0,0,0,0,0,0,0,0,0,0,false,false,false,false,false,false,false,false,0,0,6,0,0,0,0,0,"真是的，这群海盗本来就很让人困扰了，<br>没想到他们还带着大量的秘造酒不请自来！<br>看样子是想借这个场地举办宴会。","不能让他们继续破坏活动会场了！<br>我希望你能帮忙回收在沙滩上的“海盗的秘造酒”。<br>或者直接打倒海盗，从他们手里抢也行！","要帮忙吗？<br><br><color #FF7B1A>※此危命任务的推荐等级为<value>级。</color>","","","","抱歉，打扰你享受节日了，<br>如果你想帮忙了的话，就再来找我吧。",""
268,2,2,2,2,2,2,2,2,0,0,0,0,0,0,0,0,1,1,1,1,1,1,1,1,0,0,0,0,0,0,0,0,0,0,0,0,0,0,0,0,false,false,false,false,false,false,false,false,0,5,0,0,0,0,0,0,"回收到“海盗的秘造酒”了吗？","","","","非常感谢！<br>看样子还有很多，请继续回收！","","已经没有了吗？<br>如果看到还有的话，请继续回收。",""
269,2,2,2,2,2,2,2,2,0,0,0,0,0,0,0,0,1,1,1,1,1,1,1,1,0,0,0,0,0,0,0,0,0,0,0,0,0,0,0,0,false,false,false,false,false,false,false,false,0,0,0,0,0,0,0,0,"多亏了你，秘造酒的数量已经少了很多。<br>不过，为了沙滩的环境着想，<br>还希望你能继续帮忙回收。","","","","","","",""
270,2,2,2,2,2,2,2,2,0,0,0,0,0,0,0,0,1,1,1,1,1,1,1,1,0,0,0,0,0,0,0,0,0,0,0,0,0,0,0,0,false,false,false,false,false,false,false,false,0,5,0,0,0,0,0,0,"又帮忙回收到了秘造酒吗？","","","","真是非常感谢！<br>相信海盗们也能安分一段时间了！","","已经回收干净了吗？<br>如果看到漏网之鱼的话，还请拿来给我。",""
271,1,1,1,1,1,1,1,1,0,0,0,0,0,0,0,0,1,1,1,1,1,1,1,1,0,0,0,0,0,0,0,0,0,0,0,0,0,0,0,0,false,false,false,false,false,false,false,false,0,6,0,0,0,0,0,0,"那些家伙从刚才开始就缠着我不放！<br>能帮帮我吗？","要帮忙吗？<br><br><color #FF7B1A>※此危命任务的推荐等级为<value>级。</color>","","","","","啊——！真是的！能不能不要烦我了！",""
272,1,1,1,1,1,1,1,1,0,0,0,0,0,0,0,0,1,1,1,1,1,1,1,1,0,0,0,0,0,0,0,0,0,0,0,0,0,0,0,0,false,false,false,false,false,false,false,false,0,0,0,0,0,0,0,0,"虽说借到了怪力的独眼巨人制作降神糕是好事……<br>可是这也太危险了，根本没法靠近……","能否请你想办法靠近降神节的臼，<br>然后将刚做好的降神糕回收回来？<br>回收回来的降神糕交给次郎丸就可以了。","","","","","",""
273,1,1,1,1,1,1,1,1,0,0,0,0,0,0,0,0,1,1,1,1,1,1,1,1,0,0,0,0,0,0,0,0,0,0,0,0,0,0,0,0,false,false,false,false,false,false,false,false,0,0,6,0,0,0,0,0,"虽说借到了怪力的独眼巨人制作降神糕是好事……<br>可是这也太危险了，根本没法靠近……","能否请你想办法靠近降神节的臼，<br>然后将刚做好的降神糕回收回来？<br>回收回来的降神糕交给次郎丸就可以了。","要帮忙吗？<br><br><color #FF7B1A>※此危命任务的推荐等级为<value>级。</color>","","","","这、这样啊……这也没办法，<br>谁叫兴奋起来的独眼巨人看起来那么可怕呢……<br>相信是个人看了都会害怕……",""
274,1,1,1,1,1,1,1,1,0,0,0,0,0,0,0,0,1,1,1,1,1,1,1,1,0,0,0,0,0,0,0,0,0,0,0,0,0,0,0,0,false,false,false,false,false,false,false,false,0,5,0,0,0,0,0,0,"叽叽？！","","","","叽叽叽！","","……叽叽。",""
275,1,1,1,1,1,1,1,1,0,0,0,0,0,0,0,0,1,1,1,1,1,1,1,1,0,0,0,0,0,0,0,0,0,0,0,0,0,0,0,0,false,false,false,false,false,false,false,false,0,0,0,0,0,0,0,0,"看来已经回收了不少降神糕了啊！<br>不过，招待他人用的降神糕有多少都不嫌多。<br>还请你多多回收吧！","","","","","","",""
276,1,1,1,1,1,1,1,1,0,0,0,0,0,0,0,0,1,1,1,1,1,1,1,1,0,0,0,0,0,0,0,0,0,0,0,0,0,0,0,0,false,false,false,false,false,false,false,false,0,5,0,0,0,0,0,0,"叽叽叽叽！","","","","叽叽叽叽叽！","","叽叽！叽叽叽叽！",""
277,1,1,1,1,1,1,1,1,0,0,0,0,0,0,0,0,1,1,1,1,1,1,1,1,0,0,0,0,0,0,0,0,0,0,0,0,0,0,0,0,false,false,false,false,false,false,false,false,0,0,0,0,0,0,0,0,"叽叽！","","","","","","",""
278,1,1,1,1,1,1,1,1,0,0,0,0,0,0,0,0,1,1,1,1,1,1,1,1,0,0,0,0,0,0,0,0,0,0,0,0,0,0,0,0,false,false,false,false,false,false,false,false,0,0,0,0,0,0,0,0,"叽叽叽！","","","","","","",""
279,2,2,2,2,2,2,2,2,0,0,0,0,0,0,0,0,1,1,1,1,1,1,1,1,0,0,0,0,0,0,0,0,0,0,0,0,0,0,0,0,false,false,false,false,false,false,false,false,0,0,0,0,0,0,0,0,"采旦、采旦、大采旦……<br>收集、采旦、大采旦！","","","","","","",""
280,2,2,2,2,2,2,2,2,0,0,0,0,0,0,0,0,1,1,1,1,1,1,1,1,0,0,0,0,0,0,0,0,0,0,0,0,0,0,0,0,false,false,false,false,false,false,false,false,0,5,0,0,0,0,0,0,"采旦、采旦、大采旦……<br>给我、采旦、大采旦！","","","","蟹蟹、蟹蟹、大采旦……<br>但是、还要、更多、采旦！","","唔咕……",""
281,2,2,2,2,2,2,2,2,0,0,0,0,0,0,0,0,1,1,1,1,1,1,1,1,0,0,0,0,0,0,0,0,0,0,0,0,0,0,0,0,false,false,false,false,false,false,false,false,0,0,0,0,0,0,0,0,"好多、采旦……<br>采旦、采旦、大采旦！","","","","","","",""
282,1,1,1,1,1,1,1,1,0,0,0,0,0,0,0,0,1,1,1,1,1,1,1,1,0,0,0,0,0,0,0,0,0,0,0,0,0,0,0,0,false,false,false,false,false,false,false,false,0,6,0,0,0,0,0,0,"年獣を祓うために、「大爆竹」を造っています。<br>どうか、材料集めにご協力ください。","協力しますか？<br><br><color #FF7B1A>※このF.A.T.E.の推奨レベルは<value>です。</color>","","","ありがとうございます。<br>まもなく、このかがり火に引き寄せられて、<br>「クラッカーボム」が現れるはずです……。","これを討伐して得られる、「ボムの冷灰」を集め、<br>私までお届けください。","……そうですか。<br>では、自力でやるだけやってみます……。<br>気が変わられたら、また声をかけてください。",""
283,1,1,1,1,1,1,1,1,0,0,0,0,0,0,0,0,1,1,1,1,1,1,1,1,0,0,0,0,0,0,0,0,0,0,0,0,0,0,0,0,false,false,false,false,false,false,false,false,0,0,0,0,0,0,0,0,"このかがり火に引き寄せられた「クラッカーボム」を倒し、<br>「ボムの冷灰」を集めて、私に届けてください！","","","","","","",""
284,1,1,1,1,1,1,1,1,0,0,0,0,0,0,0,0,1,1,1,1,1,1,1,1,0,0,0,0,0,0,0,0,0,0,0,0,0,0,0,0,false,false,false,false,false,false,false,false,0,5,0,0,0,0,0,0,"「ボムの冷灰」が集まりましたか？<br>よろしければ、受け取ります。","","","","ご協力、ありがとうございます。<br>貴方様のおかげで、大爆竹造りは順調です。<br>さらなるご協力を、よろしくお願いいたします！","","大爆竹の材料となる「ボムの冷灰」は、<br>「クラッカーボム」を倒すと手に入ります。<br>材料が集まったら、私までお届けください。",""
285,1,1,1,1,1,1,1,1,0,0,0,0,0,0,0,0,1,1,1,1,1,1,1,1,0,0,0,0,0,0,0,0,0,0,0,0,0,0,0,0,false,false,false,false,false,false,false,false,0,0,0,0,0,0,0,0,"ご協力、ありがとうございます。<br>必要な材料は十分に集まりました！<br>大爆竹の仕上げにかかります！","","","","","","",""
286,1,1,1,1,1,1,1,1,0,0,0,0,0,0,0,0,1,1,1,1,1,1,1,1,0,0,0,0,0,0,0,0,0,0,0,0,0,0,0,0,false,false,false,false,false,false,false,false,0,5,0,0,0,0,0,0,"大爆竹の仕上げに取り掛かります！<br>手持ちの「ボムの冷灰」がありましたら、<br>急ぎ、私までお届けください！","","","","さらなるご協力、ありがとうございます。<br>おかげで、爆竹の威力が、さらに強まります！","","大爆竹の点火作業中ですが……<br>さらに材料があれば、爆竹の威力を強められそうです……。",""
287,0,0,0,0,0,0,0,0,0,0,0,0,0,0,0,0,0,0,0,0,0,0,0,0,0,0,0,0,0,0,0,0,0,0,0,0,0,0,0,0,false,false,false,false,false,false,false,false,0,0,0,0,0,0,0,0,"","","","","","","",""
288,0,0,0,0,0,0,0,0,0,0,0,0,0,0,0,0,0,0,0,0,0,0,0,0,0,0,0,0,0,0,0,0,0,0,0,0,0,0,0,0,false,false,false,false,false,false,false,false,0,0,0,0,0,0,0,0,"","","","","","","",""
289,0,0,0,0,0,0,0,0,0,0,0,0,0,0,0,0,0,0,0,0,0,0,0,0,0,0,0,0,0,0,0,0,0,0,0,0,0,0,0,0,false,false,false,false,false,false,false,false,0,0,0,0,0,0,0,0,"","","","","","","",""
290,0,0,0,0,0,0,0,0,0,0,0,0,0,0,0,0,0,0,0,0,0,0,0,0,0,0,0,0,0,0,0,0,0,0,0,0,0,0,0,0,false,false,false,false,false,false,false,false,0,0,0,0,0,0,0,0,"","","","","","","",""
