Index,0 [UBYTE] [0x60],1 [UBYTE] [0x61],2 [UBYTE] [0x62],3 [BOOL] [0x6E],4 [BOOL] [0x6F],5 [USHORT] [0x58],6 [UBYTE] [0x63],7 [UBYTE] [0x64],8 [UBYTE] [0x65],9 [UBYTE] [0x66],10 [BOOL] [0x70],11 [UBYTE] [0x67],12 [UBYTE] [0x68],13 [UBYTE] [0x69],14 [UBYTE] [0x6A],15 [STRING] [0x0],16 [STRING] [0x4],17 [USHORT] [0x5A],18 [USHORT] [0x5C],19 [UINT] [0x30],20 [UBYTE] [0x6B],21 [BOOL] [0x71],22 [UINT] [0x34],23 [BOOL] [0x72],24 [UBYTE] [0x6C],25 [UINT] [0x38],26 [UINT] [0x3C],27 [UINT] [0x40],28 [UINT] [0x44],29 [UINT] [0x48],30 [UINT] [0x4C],31 [UINT] [0x50],32 [USHORT] [0x5E],33 [UINT] [0x8],34 [UINT] [0xC],35 [USHORT] [0x18],36 [USHORT] [0x1A],37 [USHORT] [0x1C],38 [USHORT] [0x1E],39 [USHORT] [0x20],40 [USHORT] [0x22],41 [USHORT] [0x24],42 [USHORT] [0x26],43 [USHORT] [0x28],44 [USHORT] [0x2A],45 [USHORT] [0x2C],46 [USHORT] [0x2E],47 [UINT] [0x10],48 [UINT] [0x14],49 [BYTE] [0x6D],50 [INT] [0x54]
0,0,0,0,true,false,60,1,100,4,1,false,0,0,0,0,"","",0,18,0,0,false,0,true,1,0,0,0,0,0,0,0,0,0,0,0,0,0,0,0,0,0,0,0,0,0,0,0,0,-1,0
1,2,1,0,true,false,90,24,27,4,1,false,1,1,1,1,"监狱废墟托托·拉克千狱","过去曾经是关押偷猎者以及森林纵火魔等中饭的监狱。其看守的诨名“托托·拉克”取自传说中拥有一千张巨口的魔物，并且据说这名看守经常对囚犯施以残酷的拷问和严厉的惩罚。

在30多年前，当时的幻术皇以“违反人道”的名义彻底封锁了这座令人生畏的监狱。然而，在失去了管理者之后，地下的牢狱如今已经变成了魔物筑巢群生的废墟……",0,18,22,0,true,2281258,true,3,169,112005,0,0,444,1200,1203,5,240,4600,0,0,0,0,0,0,0,0,0,0,0,0,53288,550,-1,0
2,2,1,0,true,false,90,16,19,4,1,false,1,1,1,1,"地下灵殿塔姆·塔拉墓园","格尔莫拉地下城邦时期建造的地下墓园。在森林之都格里达尼亚建国之后依旧延续了安葬死者的作用。

传言地下墓园中却出现了可疑的人影……这些人的真实身份，原来是邪教组织“最后之民”的幸存者。这个组织在上次灵灾中，尊崇逐渐落下的卫月为救世神，声称卫月降临会拯救一切。他们为了向阻止卫月的敌人复仇，以墓园中的遗体为凭依，召唤出了邪恶的妖异。",0,18,17,0,true,1958540,true,4,164,112002,1003,1004,73,1000,1004,2,160,3500,0,0,0,0,0,0,0,0,0,0,0,0,32156,400,-1,0
3,2,1,0,true,false,90,17,20,4,1,false,1,1,1,1,"封锁坑道铜铃铜山","由于矿脉枯竭而已经废弃了300年的铜山。后来艾玛吉娜矿山公司取得了这里的开采权，准备利用最新的采掘技术进行重新开发。

然而，在对最深处的岩盘进行爆破的时候，里面却出现了大量的巨人族对采矿工们发起袭击。原来这些巨人是在乌尔达哈索恩朝时代被当做奴隶驱使的百臂巨人族，他们由于发动了叛乱而被封印在了铜山的地下。现在这些巨人再次开始为了自由和复仇发动暴行，一定要镇压住他们。",0,18,177,0,true,2790145,true,3,161,112003,2704,2705,101,2700,2705,3,170,3600,0,0,0,0,0,0,0,0,0,0,0,0,39690,400,-1,0
4,2,1,0,true,false,90,15,18,4,1,false,1,1,1,1,"天然要害沙斯塔夏溶洞","有人在小麦酒港近海的幻影群岛附近目击到了形迹可疑的船只。负责警备这一地区的黄衫队怀疑事件与互相协力的鱼人族和海蛇之舌海盗团的活动有一定关系。在目击地点附近的骷髅谷沿岸很可能有他们的据点。

也正在这个时期，又有情报说在沙斯塔夏溶洞中有可疑人士出没，这样一来互相的联系就很明显了……",0,18,174,0,true,3283219,true,4,157,112001,2504,2505,1206,2500,2505,1,150,3400,0,0,0,0,0,0,0,0,0,0,0,0,30870,400,-1,0
5,2,1,0,true,false,90,47,49,4,1,false,1,1,1,1,"毒雾洞窟黄金谷","黄金色的池沼，黄金色的尘雾，然而这美丽的背后却是能够腐蚀身体的剧毒。洞中的硫磺和秘银矿在地下水的作用下产生了奇妙的变化，结果便产生了这一美与毒交缠的神秘洞窟。

有人被洞中的美丽所吸引，有人被金矿的传言所吸引，还有人被前人的遗物所吸引，进入洞窟探险的人始终没有中断过。然而，活着从洞中出来的人依旧少之又少……",0,18,316,0,true,3619405,true,3,172,112014,0,0,1532,2900,2903,12,470,13000,28,0,4,8,0,0,0,0,0,0,0,0,131969,2400,-1,0
6,2,1,0,true,false,90,28,31,4,1,false,1,1,1,1,"名门府邸静语庄园","这座雄伟的庄园原本是历代幻术皇的住所，在前前任幻术皇主政期间推行了部分改革，这座庄园也以“过于奢侈”为由停止了使用。后来被森林之民的某个名门家族收购了，

现任家主阿芒迪娜是一位以美貌而闻名的妙龄女士。但是在灵灾中她的脸上却受到了很重的伤，随后便逐渐淡出了人们的视线。难道她为了取回失去的美貌而与什么人结下了契约……",0,18,18,0,true,3633039,true,3,166,112006,0,0,422,1100,1103,6,280,6300,0,0,0,0,0,0,0,0,0,0,0,0,62244,700,-1,0
7,2,1,0,true,false,90,20,23,4,1,false,1,1,1,1,"魔兽领域日影地修炼所","乌尔达哈的斗技场财团为了训练旗下的角斗士而设立的修炼所。在其内部饲养了大量的魔物和野兽。但是，在第七灵灾的混乱期间，管理者放弃了继续维护这里。一般人都认为那些失去了主人的魔兽得不到食物都会饿死在其中了。

可是经过了5年的岁月，当有人再次踏入这座设施之内时，他所看到的，是经过了5年的残酷竞争而生存下来的魔兽，无论力量还是凶暴程度都得到了大幅增长。",0,18,180,0,true,4097951,true,3,162,112004,0,0,1197,2405,2407,4,200,4000,0,0,0,0,0,0,0,0,0,0,0,0,45570,450,-1,0
8,2,1,0,true,false,90,32,34,4,1,false,1,1,1,1,"休养胜地布雷福洛克斯野营地","在变得茂盛的接雨草树林中，有着布雷福洛克斯一伙哥布林族人搭建的野营地。可是，他们在扩大生活圈的时候却不小心惊动了一个不得了的大家伙的睡眠。

野营地被巨大的生物所希冀，哥布林们也都四散避难。但是他们即使想要外出开辟新天地，流浪所要用到的财产还仍然留在野营地里。布雷福洛克斯还没有放弃希望，他仍然在找寻收复野营地的机会。",0,18,183,0,true,3998421,true,4,158,112007,0,0,1279,2400,2403,7,320,8000,0,0,0,0,0,0,0,0,0,0,0,0,77396,900,-1,0
9,2,1,0,true,false,90,35,37,4,1,false,1,1,1,1,"古代遗迹喀恩埋没圣堂","灼热的太阳之下，一座半埋没的寺庙圣堂静静地躺在干枯的南萨纳兰东部。根据圣堂内的各种迹象来看，这里是古代贝拉哈迪亚城邦的历代国王供奉太阳女神阿泽玛的圣地。

虽然这座圣堂曾经从人们的视线中完全消失过，不过第七灵灾带来的地形变动使得它能够重见天日。不仅如此，当初为了防止偷盗者而布下了很多魔法陷阱，现在看来仍然没有失去作用。",0,18,304,0,true,4064743,true,3,163,112009,0,0,1570,3500,3509,8,350,9000,0,0,0,0,0,0,0,0,0,0,0,0,89303,1200,-1,0
10,2,2,0,true,false,90,50,50,4,1,false,1,1,1,1,"神灵圣域放浪神古神殿","地灵族数十年来在奥·哥摩罗地下进行的采掘作业令拉诺西亚高地的地质变得越来越疏松。在灵灾降临时，石绿湖附近的地层终于承受不住冲击破裂了。这一地形变动导致湖中的水位大幅降低，湖水退去之后出现在人们眼前的，是一座高大的古代神殿。

从调查的情报来看，这座神殿中供奉的是放浪神奥修昂，是1500多年前的古代城邦“尼姆”的守护神。消息传出后，各地的冒险者为了寻找古代的珍宝，展开了古城的探索活动。",0,18,301,0,true,4177426,true,3,159,112010,0,0,1547,2800,2804,13,0,0,30,20,10,20,0,0,0,0,0,0,0,0,0,3000,-1,0
11,2,1,0,true,false,90,41,43,4,1,false,1,1,1,1,"对龙城塞石卫塔","耸立在云海中的宗教城邦伊修加德有着众多的防空要塞。曾经这些防空要塞都是对抗龙族的重要设施，不过其中也有一些没有经受得住猛烈的攻击而最终陷落，反而变成了龙族眷属的巢穴。石卫塔便是陷落的城塞之一。

不过，放任魔物占据要塞不管并不是伊修加德的作风。名门贵族狄兰达尔家数次动员自家骑兵团展开收复作战，可惜现在仍然处于胶着状态。究竟如何才能打破这种僵持的局面呢？",0,18,298,0,true,4239689,true,3,168,112012,0,0,1680,4400,4402,10,410,11000,15,0,2,3,0,0,0,0,0,0,0,0,110849,1800,-1,0
12,2,1,0,true,false,90,38,40,4,1,false,1,1,1,1,"流沙迷宫樵鸣洞","在萨纳兰通往库尔札斯的小路旁边有一个寂静昏暗的小山洞。曾经，往来两地的樵夫们经常会进入到这个洞里稍作休息，以躲避白天的阳光或者度过荒野的夜晚。但是进到洞中的樵夫们却鲜有生还者，留给外人的只有那骇人的悲鸣……

“樵夫的悲鸣”，樵鸣洞的名字蕴含着令人发寒的凄惨意义。据说极其凶恶的魔兽“奇美拉”至今仍然潜伏在洞中。可是曾经“暗夜灯火”佣兵团应该成功打败了这头古代种魔兽才对，难道他们的努力都白费了吗……",0,18,310,0,true,3690171,true,3,170,112011,0,0,1590,3400,3402,9,380,10000,0,0,0,0,0,0,0,0,0,0,0,0,102060,1500,-1,0
13,2,1,0,true,false,90,44,46,4,1,false,1,1,1,1,"山中战线泽梅尔要塞","泽梅尔要塞由伊修加德名门之一的泽梅尔家建造，计划利用天然洞窟的地形特点将其内部构筑成对龙用地下要塞。可是他们没有料到洞穴深处有着连通虚无界的裂痕，施工的过程由于大量涌出的妖异而中断。再加上几年前加雷马帝国也开始派兵潜入洞中调查，导致各类问题接踵而至。

现在，虽然帝国军已经停止了派兵调查，但是山洞内部却已经变成了妖异与魔物的巢穴。为了令地下要塞工程重新展开，一定要将这些问题的根源清除干净。",0,18,313,0,true,4229622,true,3,171,112013,0,0,1396,2904,2906,11,440,12000,20,0,3,7,0,0,0,0,0,0,0,0,117369,2100,-1,0
14,2,2,0,true,false,90,50,50,4,1,false,1,1,1,1,"邪教驻地无限城古堡","过去，黑衣森林中曾存在过发达的无限城文明，当时的居民生活富足，对于魔法的研究也到达了相当高的程度，甚至创造出了能够改变物质构造的强力魔法。可是人民变得越来越狂妄，最后终于导致了整个城邦的衰亡。于是黑衣森林的元灵利用魔法将巨大的古城“隐藏”了起来，使这座古城度过了安静的几百年。直至灵灾降临，古城才得以重见天日。

然而最近，本应空无一人的古城中总是会出现奇怪的声音。原来是邪教集团“最后之民”潜入到了内部，并把这座古城作为他们的新驻地。这些崇拜“卫月之神”的狂信者正在准备举行活体献祭的肮脏仪式，一定要尽快制止他们！",0,18,307,0,true,4246570,true,3,167,112015,0,0,1696,4500,4502,16,0,0,30,20,10,20,0,0,0,0,0,0,0,0,0,3000,-1,0
15,2,3,0,true,false,120,50,50,8,1,false,2,2,2,2,"帝国南方堡外围激战","反击作战“贤者行军行动”终于成功进入最后的阶段。艾欧泽亚同盟军以劳班·阿尔丁总帅率领的恒辉队为中心，向帝国军基地“南方堡”发起了进攻。

南方堡的防御设施十分坚固，其中更有帝国军的最强武器——究极神兵坐镇。但是无论前方的阻碍多么巨大，我们也绝对不能退缩，现在正是保家卫国的关键时刻，一定要拼尽全力战斗。愿水晶给予你们指引！",148,18,266,0,true,4248047,true,5,217,112016,0,0,0,3900,3918,14,0,0,60,0,0,0,0,0,0,0,0,0,0,0,0,3000,-1,0
16,2,3,0,true,false,120,50,50,8,1,false,2,2,2,2,"天幕魔导城最终决战","成功打破高功率魔导结界，也就意味着成功打开了通往帝国南方堡中心的道路。坐落在中心的天幕魔导城就在眼前，战斗也越来越接近尾声。

帝国军的抵抗十分顽强，尽管艾欧泽亚同盟军在劳班总帅的指挥下逐渐缩小了包围圈，可是仍然无法加快推进的速度。究极神兵即将启动，一分一秒都要争取。现在只能先行依靠西德的飞空艇以小规模部队强行突破了，一定要尽快赶到地下工厂破坏究极神兵！",149,18,279,0,true,4301613,true,6,224,112017,0,0,0,4000,4050,15,0,0,60,0,0,0,0,0,0,0,0,0,0,0,0,3000,-1,0
17,2,2,0,true,false,90,50,50,4,1,false,1,1,1,1,"领航明灯天狼星灯塔","天狼星灯塔在灵灾中被巨大的偏属性水晶所贯穿，虽然当局很想着手进行修复，可是却由于传说中的魔物“塞壬”的阻碍迟迟没有任何进展。

虽然之前曾经击退过一次，但是塞壬仍然占据着这座灯塔。并且召唤出了亡者与怪鸟，将整个灯塔作为自己的城堡坚守起来。这座艾欧泽亚地区最大的灯塔，绝对不能一直把持在魔物手中！",0,18,405,48,true,4378111,true,4,160,112027,0,0,2265,4600,4612,17,0,0,40,30,15,25,0,0,0,0,0,0,0,0,0,3000,-1,0
18,2,2,0,true,false,90,50,50,4,1,false,1,1,1,1,"骚乱坑道铜铃铜山","冒险者的奋战成功将矿洞内部的百臂巨人族驱逐了出去，铜铃铜山的封锁也就此解除。为了重新对矿洞进行开发，艾玛吉娜矿山公司派遣出了一支采矿工队伍前往调查情况。

可是在铜山的深处，调查队却发现仍然还有百臂巨人族留在那里。为了平息坑道内的骚乱，该是冒险者们再次出发的时候了。",17,18,419,48,true,4481318,true,3,349,112025,0,0,2289,4800,4812,18,0,0,40,30,15,25,0,0,0,0,0,0,0,0,0,3000,-1,0
19,2,2,0,true,false,90,50,50,4,1,false,1,1,1,1,"恶灵府邸静语庄园","阿芒迪娜女士原本是格里达尼亚名门达尔坦库尔家族的家主，却在灵灾中失去了原有的美貌。为了取回自己的美貌，她与虚无界的妖异签下了契约，结果导致灵魂被夺走，自身也变成了妖异。

在这件事真相大白之后，鬼哭队为了防止严重事件发生派出了精锐部队前往静语庄园驱除妖异。可是却没有接到任何一个人返回的消息。于是，他们成立了第二支讨伐队，准备再次一探究竟……",17,18,422,48,true,4497567,true,3,350,112026,0,0,2346,5000,5007,19,0,0,40,30,15,25,0,0,0,0,0,0,0,0,0,3000,-1,0
20,0,0,0,false,false,0,0,0,0,0,false,0,0,0,0,"","",0,0,0,0,false,0,false,0,0,0,0,0,0,0,0,0,0,0,0,0,0,0,0,0,0,0,0,0,0,0,0,0,0,0
21,0,0,0,false,false,0,0,0,0,0,false,0,0,0,0,"","",0,0,0,0,false,0,false,0,0,0,0,0,0,0,0,0,0,0,0,0,0,0,0,0,0,0,0,0,0,0,0,0,0,0
22,0,0,0,false,false,0,0,0,0,0,false,0,0,0,0,"","",0,0,0,0,false,0,false,0,0,0,0,0,0,0,0,0,0,0,0,0,0,0,0,0,0,0,0,0,0,0,0,0,0,0
23,0,0,0,true,false,60,1,100,4,1,false,0,0,0,0,"","",0,18,0,0,false,0,true,1,0,0,0,0,0,0,0,0,0,0,0,0,0,0,0,0,0,0,0,0,0,0,0,0,-1,0
10000,0,0,0,true,false,60,1,100,4,1,false,0,0,0,0,"","",0,18,0,0,false,0,true,1,0,0,0,0,0,0,0,0,0,0,0,0,0,0,0,0,0,0,0,0,0,0,0,0,-1,0
10001,3,4,0,true,false,30,10,11,4,1,false,1,1,1,1,"完成集团战训练！","这是一场与魔物进行实战的训练。面对陆续出现的魔物一定不要慌张。与队友齐心协力才是取胜的关键！

行动到魔物的视野中时会遭到攻击，因此一定要时刻注意自己所处的位置，合理制定路线并逐个击破才是上策。",40,18,0,0,true,0,true,1,214,111006,0,0,0,1400,1411,1,0,0,0,0,0,0,0,0,0,0,0,0,0,0,0,0,-1,0
10002,3,4,0,true,false,30,10,11,4,1,false,1,1,1,1,"讨伐彷徨死灵！","迅速讨伐徘徊在塔姆·塔拉墓园附近的死灵！不过要注意一点，死灵中有波克曼出没，这种巨大的铠甲非常棘手，一定要小心。

当波克曼认为自己陷入了危机之时，它会召唤出同伴来协助战斗，因此一定要避免进入持久战。它还擅长范围性的攻击，最好分散开进行战斗。",40,18,0,0,true,0,true,1,190,111001,0,0,0,1500,1506,2,0,0,0,0,0,0,0,0,0,0,0,0,0,0,0,0,-1,0
10003,3,4,0,true,false,30,15,16,4,1,false,1,1,1,1,"突破所有关门，讨伐最深处的敌人！","我们即将进行一场模拟攻占敌方据点的实战演习。清理掉沿路魔物的同时冲破三道防御关门，最终消灭最深处的强力敌人——越壁蟾蜍。

要注意，最深处地区的岩壁内部还有着大量的盲头蟹。如果战斗拖得时间过长，它们会打破岩壁冲出来，这会令战况陷入更加不利的局面。一定要速战速决。",40,18,0,0,true,0,true,1,215,111007,0,0,0,1600,1619,3,0,0,0,0,0,0,0,0,0,0,0,0,0,0,0,0,-1,0
10004,3,4,0,true,false,30,15,16,4,1,false,1,1,1,1,"捕获金币龟！","大富豪泰勒吉·阿代勒吉的宠物“金币龟”被盗贼集团给绑架走了。当然，目的是为了要钱。我们的委托人希望在保证宠物安全的情况下将其从盗贼手中拯救出来。

有一种香草在点燃后能产生具有催眠效果的气体。在将金币龟的体力削弱到一定程度之后，利用“火元精核心”将香草点燃可以将其催眠。这样一来就能够成功活捉了。",40,18,0,0,true,0,true,1,216,111008,0,0,0,1700,1715,4,0,0,0,0,0,0,0,0,0,0,0,0,0,0,0,0,-1,0
10005,3,4,0,true,false,30,20,21,4,1,false,1,1,1,1,"驱除剧毒妖花！","森林中出现了一种携带有剧毒的妖花，现在已经对大量的动植物造成了伤害。

据说妖花能够散播含有剧毒的花粉雾，一旦接近毒雾，便会陷入猛毒状态，体力也会逐渐减少，对任何生物都有效果。在与妖花作战时一定要注意周围的环境，最好将其引到安全地带再全力攻击。",40,18,0,0,true,0,true,1,191,111002,0,0,0,1800,1811,5,0,0,0,0,0,0,0,0,0,0,0,0,0,0,0,0,-1,0
10006,3,4,0,true,false,30,20,21,4,1,false,1,1,1,1,"消灭恶徒团伙寄生蜂团！","“寄生蜂团”在托托·拉克千狱附近集结起来了，这伙不法之徒想要建设一个新的据点。

直接攻击敌人的首领恐怕会招来其他人增援，所以最好先将分散在四周的敌人解决掉。尤其要小心敌人的幻术师，有恢复魔法在会很棘手。战斗中也要谨慎提防敌人有没有增援。",40,18,0,0,true,0,true,1,192,111003,0,0,0,1900,1915,6,0,0,0,0,0,0,0,0,0,0,0,0,0,0,0,0,-1,0
10007,3,4,0,true,false,30,25,26,4,1,false,1,1,1,1,"讨伐梦幻之布拉奇希奥！","敌对的妖精族势力出现在了南部林区，并且对周围的魔物施加了魔法进行控制。迅速前往现场打倒头领梦幻之布拉奇希奥！

被妖精族所控制的魔物都非常擅长令对手的身体陷入不良状态的攻击，同时还有能够发动大范围攻击的魔物，所以一定要避免混战。",40,18,0,0,true,0,true,1,220,111005,0,0,0,2000,2009,7,0,0,0,0,0,0,0,0,0,0,0,0,0,0,0,0,-1,0
10008,3,4,0,true,false,30,25,26,4,1,false,1,1,1,1,"击溃哥布林炸弹军团！","哥布林族不法集团占据了地母神忘迹，他们在藤路上搭起了路障，阻碍行人的来往。快去将那些路障全都破坏掉，并赶走敌人！

据情报说这一集团会使用一种定时的炸弹，在投出之后不会立刻爆炸，而是停留几秒才会起效。这段时间内尽快躲开就不会被炸弹伤到了。反过来，或许还可以利用那些炸弹破坏掉路障。",40,18,0,0,true,0,true,1,219,111004,0,0,0,2100,2109,8,0,0,0,0,0,0,0,0,0,0,0,0,0,0,0,0,-1,0
10009,3,4,0,true,false,30,30,31,4,1,false,1,1,1,1,"讨伐污染源头魔界花！","体型巨大的剧毒魔花谭琳出现在愚者瀑布附近，导致那片地区的水质都被污染了。在污染范围扩散之前一定要采取些措施！

被污染的水源中会出现喷洒酸性液体的泡沫，还有一些泡泡能够产生出魔物。在战斗的时候一定要小心周围的情况！",40,18,0,0,true,0,true,1,221,111009,0,0,0,2200,2213,9,0,0,0,0,0,0,0,0,0,0,0,0,0,0,0,0,-1,0
10010,3,4,0,true,false,30,30,31,4,1,false,1,1,1,1,"讨伐坑道中出现的妖异！","盲铁坑道中出现了强大的妖异“布索”。请迅速前往现场进行讨伐！

布索能够通过将自己的眷属作为祭品，点燃虚无界的苍蓝火焰，从而加强自己的能力。打断这种邪恶的仪式就有机会以对等的力量进行战斗。一边扑灭苍蓝的火焰一边与布索进行战斗吧！",40,18,0,0,true,0,true,1,222,111010,0,0,0,2300,2314,10,0,0,0,0,0,0,0,0,0,0,0,0,0,0,0,0,-1,0
10011,3,4,0,true,false,30,35,36,4,1,false,1,1,1,1,"注意无敌的眷属，讨伐大型妖异！","我们准备在巨龙首东部进行妖异扫荡作战。这次的目标叫做“暗影魔爪”，是一种狰狞的大型妖异。它不但本身实力很强，还能招出多个棘手的眷属。

眷属中尤其要注意的是“暗影之眼”，它能够防御一切攻击。同时还会在巡回移动的同时发动大范围攻击。在作战途中一定要注意这些眷属的位置！",40,18,0,0,true,0,true,1,223,111011,0,0,0,3000,3013,11,0,0,0,0,0,0,0,0,0,0,0,0,0,0,0,0,-1,0
10012,3,4,0,true,false,30,35,36,4,1,false,1,1,1,1,"讨伐爆弹怪的女王！","爆弹怪的自爆是近日雪崩频发的根本原因。为了防止损害继续扩大，我们需要将爆弹群落的女王消灭掉。

“爆弹女王”能够对其他爆弹怪下达自爆的命令。此外还有一部分个体靠近人体就会自动爆炸。掌握住这些爆弹怪的性质和行动规律，才能将风险减小到最低。",40,18,0,0,true,0,true,1,298,111012,0,0,0,3100,3117,12,0,0,0,0,0,0,0,0,0,0,0,0,0,0,0,0,-1,0
10013,3,4,0,true,false,30,40,41,4,1,false,1,1,1,1,"歼灭特殊阵型的妖异！","尽快消灭出现在歌咏裂谷的特殊妖异！这种名为“喀米奥”的妖异会按照5个一组集体行动。若是不能几乎同时打倒所有妖异它们很快就会再次复活。

另外，我们这次的目标甚至还会组成魔法阵，这种阵型能够发挥出特殊的效果。当看到它们开始组建阵型的时候一定要留神具体的效果！",40,18,0,0,true,0,true,1,299,111013,0,0,0,3200,3221,13,0,0,0,0,0,0,0,0,0,0,0,0,0,0,0,0,-1,0
10014,3,4,0,true,false,30,40,41,8,1,false,2,2,2,2,"制止三方混战的巨人族，守住遗物！","巨人族的内部也不是十分团结。其中基迦巨人族处于支配者阶级，奴隶阶级则包括下级巨人族和百臂巨人族。现在这三者之间围绕着埋藏在遗物中的秘石发生了不小的争执。

为了守护这“亚拉戈文明的遗物”，一定要制止这些巨人的骚乱。我们需要兵分两路分别进行处理。打倒各族的头领，切断后续的援兵是胜利的关键！",40,18,0,0,true,0,true,1,300,111014,0,0,0,3300,3322,14,0,0,0,0,0,0,0,0,0,0,0,0,0,0,0,0,-1,0
10015,0,0,0,true,false,60,1,100,4,1,false,0,0,0,0,"","",0,18,0,0,false,0,true,1,0,0,0,0,0,0,0,0,0,0,0,0,0,0,0,0,0,0,0,0,0,0,0,0,-1,0
20000,0,0,0,true,false,60,1,100,4,1,false,0,0,0,0,"","",0,18,0,0,false,0,true,1,0,0,0,0,0,0,0,0,0,0,0,0,0,0,0,0,0,0,0,0,0,0,0,0,-1,0
20001,4,1,0,true,false,60,20,22,4,1,false,1,1,1,1,"伊弗利特讨伐战","冒险者及恒辉队一行人被叛徒的奸计所害，被蜥蜴人族所俘虏，并被带到了赞拉克地区。在那里，他们被奉献给了火焰的蛮神伊弗利特。

只有赌上全部力量降服蛮神才有可能逃离此地。掌控“地狱之火炎”的强大蛮神伊弗利特……冒险者们有足够的实力成功脱身吗？",120,18,86,0,true,0,true,1,202,112008,0,0,0,2600,2605,1,200,2000,0,0,0,0,0,0,0,0,0,0,0,0,0,0,-1,0
20002,4,1,0,true,false,60,34,36,4,1,false,1,1,1,1,"泰坦讨伐战","受到原海雄旅团五英杰的认可后，冒险者成功掌握了打败蛮神泰坦的秘策。那便是通过蛮风以太之光直捣地灵族的总部——奥·哥摩罗山中的火口神殿。虽然这个作战有些大胆，但仍然有一试的价值。

在贤人雅·修特拉的力量下，蛮风以太之光成功启动，接下来就只有全力去迎战蛮神泰坦了！",157,18,244,0,true,0,true,1,206,112018,0,0,0,3800,3805,2,340,4200,0,0,0,0,0,0,0,0,0,0,0,0,0,0,-1,0
20003,4,1,0,true,false,60,44,46,4,1,false,1,1,1,1,"迦楼罗讨伐战","鸟人族所召唤出来的蛮神迦楼罗有着异常凶暴的习性，在蛮神之中也以最为疯狂残忍而著名。可是为了让世人知道“拂晓血盟”还没有倒下，为了給艾欧泽亚再次带来希望，无论前面的路有多么艰辛我们也不能放弃，一定要将迦楼罗打倒。

西德的“企业号”飞空艇已经改造完毕，突破呼啸眼石塔群周围的暴风障壁之后就能到达蛮神迦楼罗的祭坛了。胜败在此一举！",155,18,252,0,true,0,true,1,208,112019,0,0,0,3700,3705,3,440,6000,0,0,0,0,0,0,0,0,0,0,0,0,0,0,-1,0
20004,4,6,0,true,false,60,50,50,8,1,false,2,2,2,2,"伊弗利特歼灭战","光之战士们成功将究极神兵破坏的消息令艾欧泽亚的人们欢欣不已，然而这也成了蛮族势力重新抬头的契机。

由于究极神兵的威胁，蜥蜴人族一直潜伏着没有什么动作，可现在他们又再次举行了请神仪式，并且献上了更多的水晶，令火神伊弗利特带着更强的力量重现人间。",120,18,363,49,true,0,true,1,292,112021,0,0,0,2600,2605,8,0,0,10,4,0,0,0,0,0,0,0,0,0,0,0,0,-1,0
20005,4,6,0,true,false,60,50,50,8,1,false,2,2,2,2,"泰坦歼灭战","在究极神兵被破坏之后，各地的蛮族势力都开始再次召唤蛮神降临。威尔布兰德岛北部的地灵族自然也不会例外。以武伽玛罗武装矿山为首，地灵族的所有矿山都加快了开采水晶的速度。

威震大地的蛮神泰坦再次降临奥·哥摩罗火口神殿，只不过与之前不同的是，这次的泰坦更加愤怒，更加强大。",157,18,367,57,true,0,true,1,293,112022,0,0,0,3800,3805,10,0,0,20,10,0,0,0,0,0,0,0,0,0,0,0,0,-1,0
20006,4,6,0,true,false,60,50,50,8,1,false,2,2,2,2,"迦楼罗歼灭战","蛮神迦楼罗曾经毫无还手之力地败倒在究极神兵之下。虽然鸟人族因此受到了相当大的打击，但是他们并没有抛下复仇之心，他们一直在储备大量的水晶，以备后日之需。

现在究极神兵已经被破坏，迦楼罗得以重现人间。她势要将破坏究极神兵的冒险者全部消灭，以取回身为最凶蛮神的骄傲。与无情女王的再次交锋，审理女神的天平究竟会偏向哪一边……",155,18,365,52,true,0,true,1,294,112023,0,0,0,3700,3705,9,0,0,15,6,0,0,0,0,0,0,0,0,0,0,0,0,-1,0
20007,4,1,0,true,false,60,49,50,8,1,false,2,2,2,2,"里塔提恩强攻战","里塔提恩·萨斯·阿维纳是帝国军第十四军团实质上的二号人物。他虽然是行省出身，但是却凭借卓越的战术和过人的武艺坐上了阵营官的位置，确实是一位杰出的人物。

根据前线的情报，里塔提恩现在正在边境的前哨基地视察，并且并没有带太多随身护卫，正是发动强攻的大好机会。作为反击作战“贤者行军行动”的第一步，这次作战绝对不能失败！一切为了艾欧泽亚的自由！",151,18,262,0,true,0,true,1,332,112020,0,0,0,3600,3603,4,490,7000,0,0,0,0,0,0,0,0,0,0,0,0,0,0,-1,0
20008,4,0,0,true,false,60,50,50,8,1,false,2,2,2,2,"伊弗利特歼殛战","黑暗的使徒无影族一直渴望着混沌的到来，在他们的介入下，蛮族势力又获得了新的知识，并且陆续召唤出了更加强力的蛮神。其中蜥蜴人族自然也不会例外。

火神伊弗利特伴随着地狱之火再次降临。前去讨伐的恒辉队特殊部队瞬间败下阵来。在这究极的火神面前，光之战士究竟能否找到通往胜利的道路？",120,18,395,70,true,0,true,1,295,112028,0,0,0,2600,2605,16,0,0,25,18,0,0,0,0,0,0,0,0,0,0,0,0,-1,0
20009,4,0,0,true,false,60,50,50,8,1,false,2,2,2,2,"泰坦歼殛战","威尔布兰德岛的北部发生了一场特大地震，这个消息令拂晓血盟的贤者于里昂热感到一丝隐患。这次地震的真相很有可能是地灵族再次召唤出了他们的蛮神泰坦。

于里昂热的担心是正确的，在奥·哥摩罗火山内部，再次现身的土神泰坦通过未知的召唤法获得了更强的力量。与究极的土神再次战斗的号角已经吹响。",157,18,399,67,true,0,true,1,296,112029,0,0,0,3800,3805,15,0,0,25,16,0,0,0,0,0,0,0,0,0,0,0,0,-1,0
20010,4,0,0,true,false,60,50,50,8,1,false,2,2,2,2,"迦楼罗歼殛战","为了监视鸟人族，双蛇党派出了一队人手建设新的哨塔。可是这座正在建设的哨塔却遭到了风神迦楼罗的突袭，造成了彻底的破坏。根据全队唯一的幸存者描述，这次的迦楼罗有着非比寻常的力量。

为了应对力量急速增长的蛮神，双蛇党决定向拂晓血盟请求援助，希望光之战士能够前去挑战这究极的风神，避免更大的灾害发生。",155,18,397,65,true,0,true,1,297,112030,0,0,0,3700,3705,14,0,0,25,14,0,0,0,0,0,0,0,0,0,0,0,0,-1,0
20011,4,6,0,true,false,60,50,50,8,1,false,2,2,2,2,"莫古力贤王歼灭战","莫古力族中也有一些族人总是游离于族群之外，一个名为“莫古力家臣团”的团体正是其中之一。这个团体的成员决心将童话中的伟大贤王莫古尔·莫古十二世召唤到世间来。虽然这位贤王并没有被莫古力族当作神来崇拜，可是家臣团的强烈愿望与水晶的力量竟然成功将贤王召唤了出来。

这样下去，莫古力族全体都有被精炼化的危险，任何人都无法预测这一“不是蛮神的蛮神”究竟会有什么样的举动。莫古力族的库啵洛·叩普感受到了这种危机，向冒险者们下达了讨伐贤王的委托。",178,18,401,54,true,0,true,1,207,112031,0,0,0,4900,4902,11,0,0,15,8,0,0,0,0,0,0,0,0,0,0,0,0,-1,0
20012,0,0,0,false,false,0,0,0,0,0,false,0,0,0,0,"","",0,0,0,0,false,0,false,0,0,0,0,0,0,0,0,0,0,0,0,0,0,0,0,0,0,0,0,0,0,0,0,0,0,0
20013,4,0,0,true,false,60,50,50,8,1,false,2,2,2,2,"究极神兵破坏作战","异国的诗人总是在寻求各种冒险谭，从而创造出新的英雄叙事诗。他能够吸取原故事的精华，并以更加触动听众内心的方式重新叙述出来。

这次诗人为我们带来的是激战究极神兵的诗歌，即兴的创作可以令听众获得超出现实的体验。让我们聆听这首诗歌的同时，一起来体验一下光之战士与究极神兵的战斗吧。",150,18,403,61,true,0,true,1,348,112032,0,0,0,4044,4050,13,0,0,20,12,0,0,0,0,0,0,0,0,0,0,0,0,-1,0
20014,0,0,0,false,false,0,0,0,0,0,false,0,0,0,0,"","",0,0,0,0,false,0,false,0,0,0,0,0,0,0,0,0,0,0,0,0,0,0,0,0,0,0,0,0,0,0,0,0,0,0
20015,4,0,0,true,false,15,50,50,8,1,false,2,2,2,2,"イベント用コンテンツ：1","イベント用コンテンツ：1",203,18,0,0,true,0,true,1,353,112051,0,0,0,5200,5205,98,0,0,0,0,0,0,0,0,0,0,0,0,0,0,0,0,-1,0
20016,4,0,0,true,false,15,50,50,8,1,false,2,2,2,2,"イベント用コンテンツ：2","イベント用コンテンツ：2",150,18,0,0,true,0,true,1,354,112032,0,0,0,4044,4050,99,0,0,0,0,0,0,0,0,0,0,0,0,0,0,0,0,-1,0
20017,0,0,0,false,false,0,0,0,0,0,false,0,0,0,0,"","",0,0,0,0,false,0,false,0,0,0,0,0,0,0,0,0,0,0,0,0,0,0,0,0,0,0,0,0,0,0,0,0,0,0
20018,0,0,0,false,false,0,0,0,0,0,false,0,0,0,0,"","",0,0,0,0,false,0,false,0,0,0,0,0,0,0,0,0,0,0,0,0,0,0,0,0,0,0,0,0,0,0,0,0,0,0
20019,4,6,0,true,false,60,50,50,8,1,false,2,2,2,2,"死化奇美拉讨伐战","很多研究人员都对“死化奇美拉”抱有极大的兴趣。这种奇妙的生物有着狮子、山羊及飞龙三种生物的头，而且看起来每个头都能够进行独立行为。另外研究者们争论最多的问题，还是死化奇美拉体内为何能够产生“矾土晶粒”这一珍贵的素材。

有人说这种晶粒的产生是一种意外，也有人说在死化奇美拉的体内存在矿石转变成晶粒的必然条件。不过到了传说中的武器工匠盖罗尔特那里则只留下了一句话：你有足够的力量去打倒死化奇美拉把矾土晶粒拿给我么？",36,18,502,52,true,0,true,1,368,112053,0,0,0,0,0,5,0,0,10,6,0,0,0,0,0,0,0,0,0,0,0,0,-1,0
20020,4,6,0,true,false,60,50,50,8,1,false,2,2,2,2,"海德拉讨伐战","乌尔达哈的人们都非常喜欢竞技场中的角斗，他们甚至在日影地修炼所中培养出强大的斗兽“海德拉”。不过由于灵灾的影响，修炼所已经多年处于关闭状态，人们都以为里面的魔兽已经由于食物不足而饿死了。可是谁都没有想到，海德拉竟然凭借一己之力将其他魔兽当作食粮生存了下来……

不过传说中的武器工匠盖罗尔特的观点很简单：这么坚韧的魔物，是用来试武器的绝佳对手。

※战斗开始后无法更换手中的武器，所以在开始“复苏的上古武器”的任务战斗之前请务必检查是否装备了任务所需的武器。",36,18,503,52,true,0,true,1,369,112055,0,0,0,0,0,6,0,0,10,6,0,0,0,0,0,0,0,0,0,0,0,0,-1,0
20021,0,0,0,false,false,0,0,0,0,0,false,0,0,0,0,"","",0,0,0,0,false,0,false,0,0,0,0,0,0,0,0,0,0,0,0,0,0,0,0,0,0,0,0,0,0,0,0,0,0,0
20022,0,0,0,true,false,60,1,100,4,1,false,0,0,0,0,"","",0,18,0,0,false,0,true,1,0,0,0,0,0,0,0,0,0,0,0,0,0,0,0,0,0,0,0,0,0,0,0,0,-1,0
30000,0,0,0,true,false,60,1,100,4,1,false,0,0,0,0,"","",0,18,0,0,false,0,true,1,0,0,0,0,0,0,0,0,0,0,0,0,0,0,0,0,0,0,0,0,0,0,0,0,-1,0
30001,1,0,0,false,true,120,50,100,8,3,false,2,2,2,2,"水晶塔 古代人迷宫","“诺亚”调查团是专门为了研究水晶塔而成立的新组织，组织的目的只有一个：调查水晶塔中的古代亚拉戈文明。

如今冒险者也加入了这个组织，并且在西德的协助下成功破坏了设置在八剑士前庭的防卫机关。可是在水晶塔的面前，调查团还需要穿过一个巨大的迷宫——“古代人迷宫”。

※组队申请时，只有以2名防护职业、2名治疗职业、4名进攻职业的组合才可以提交申请。",180,18,409,50,true,4317125,true,4,174,112033,0,0,0,4700,4708,1,0,0,25,15,15,20,20,0,0,0,0,0,0,0,0,0,-1,0
30002,1,0,1,true,false,90,50,100,8,1,false,2,2,2,2,"巴哈姆特大迷宫 邂逅之章1","帝国西方堡是加雷马帝国军第十四军团在威尔布兰德岛东岸设置的基地，然而其战略目的却与其他的帝国基地有所不同，既不是为了占领该地的资源，也不是为攻打利姆萨·罗敏萨做准备。

这个基地的真正目标，是为了调查第七灵灾时掉落到这里的古代亚拉戈文明的卫月碎片。贯穿大地的碎片打开了通往偏属性水晶洞穴的大门，在里面等待的究竟是……",146,18,375,0,false,4293363,false,1,241,112043,0,0,1466,4100,4101,2,0,0,0,30,0,0,0,0,0,0,0,0,0,0,0,0,-1,0
30003,1,0,1,true,false,90,50,100,8,1,false,2,2,2,2,"巴哈姆特大迷宫 邂逅之章2","进入到陨石勘查坑深层的一行人在地下912星码的地区再次遭遇到了自动防卫装置。这些球型防卫系统凭借古代亚拉戈文明的魔科学技术坚守了几个时代，即使现在，他们探测到入侵者时也会尽职尽责地自动进行驱逐。",147,18,380,0,false,4294907,false,1,242,112044,0,0,1459,0,0,3,0,0,0,30,0,0,0,0,0,0,0,0,0,0,0,0,-1,0
30004,1,0,1,true,false,90,50,100,8,1,false,2,2,2,2,"巴哈姆特大迷宫 邂逅之章3","地下1233星码，阿莉塞与光之战士发现了埋在这里的巨大人工建造物。这就是曾经在卫月上封印巴哈姆特的剑状物体——诸神黄昏级拘束舰。一行人一边躲避着舰内的机关，一边向更深处进发。",146,18,382,0,false,4294864,false,1,243,112045,0,0,0,4200,4201,4,0,0,0,0,0,0,0,0,0,0,0,0,0,0,0,0,-1,0
30005,1,0,1,true,false,90,50,100,8,1,false,2,2,2,2,"巴哈姆特大迷宫 邂逅之章4","地下1524星码，阿莉塞等人到达了机关部的最下部，接下来只要启动升降机便可以继续向舰首前进。可是，古代亚拉戈文明的防卫机关怎么可能那么轻易让入侵者通过呢。",146,18,0,0,false,4374569,false,1,244,112046,0,0,0,4300,4300,5,0,0,0,30,0,0,0,0,0,0,0,0,0,0,0,0,-1,0
30006,1,0,1,true,false,90,50,100,8,1,false,2,2,2,2,"巴哈姆特大迷宫 邂逅之章5","在与亚拉戈古代兵器展开激战之后，阿莉塞一行人终于成功到达了地下1910星码的地区。而从空中飞舞下来“迎接”他们的，是一条佩戴有亚拉戈拘束装置的古代龙族……为了查明第七灵灾的真相，一定要突破一切阻碍前往更深的地方。光之战士们已经做好了战斗的觉悟。",146,18,385,0,false,4294951,false,1,245,112047,0,0,1482,0,0,6,0,0,0,30,0,0,0,0,0,0,0,0,0,0,0,0,-1,0
30007,0,0,0,false,false,0,0,0,0,0,false,0,0,0,0,"","",0,0,0,0,false,0,false,0,0,0,0,0,0,0,0,0,0,0,0,0,0,0,0,0,0,0,0,0,0,0,0,0,0,0
30008,0,0,0,false,false,0,0,0,0,0,false,0,0,0,0,"","",0,0,0,0,false,0,false,0,0,0,0,0,0,0,0,0,0,0,0,0,0,0,0,0,0,0,0,0,0,0,0,0,0,0
30009,0,0,0,false,false,0,0,0,0,0,false,0,0,0,0,"","",0,0,0,0,false,0,false,0,0,0,0,0,0,0,0,0,0,0,0,0,0,0,0,0,0,0,0,0,0,0,0,0,0,0
30010,0,0,0,false,false,0,0,0,0,0,false,0,0,0,0,"","",0,0,0,0,false,0,false,0,0,0,0,0,0,0,0,0,0,0,0,0,0,0,0,0,0,0,0,0,0,0,0,0,0,0
30011,0,0,0,true,false,60,1,100,4,1,false,0,0,0,0,"","",0,18,0,0,false,0,true,1,0,0,0,0,0,0,0,0,0,0,0,0,0,0,0,0,0,0,0,0,0,0,0,0,-1,0
40000,0,0,0,true,false,60,1,100,4,1,false,0,0,0,0,"","",0,18,0,0,false,0,true,1,0,0,0,0,0,0,0,0,0,0,0,0,0,0,0,0,0,0,0,0,0,0,0,0,-1,0
40001,5,0,0,false,false,30,30,30,4,2,true,1,1,1,1,"狼狱水上竞技场","灵灾给人们带来的最深刻印象便是对大地造成的破坏，然而在陨石下落带来的变化中却也有带有大量的新生。一块陨石碎片落到了加拉迪翁湾，并产生了一个新的小岛。在接到了水手的报告之后，黑涡团最高长官派出了“勇敢之心号”战舰前去进行详细调查。随后更是在岛上建起了一座名为“狼狱水上竞技场”的练兵设施。

如今这座“群狼的监狱”已经变成了同盟军的联合训练基地。每天都会有三国军队的大量士兵来到这里进行实战形式的模拟战斗训练。在磨砺了尖牙与利爪之后，出狱的群狼会以什么样的英姿展现在真正的战场之上呢……",1082,18,0,0,true,0,false,1,175,112024,0,0,0,0,0,1,0,0,0,0,0,0,0,0,0,0,0,0,0,0,0,0,-1,0
40002,5,0,0,false,false,30,40,40,4,2,true,1,1,1,1,"狼狱水上竞技场","灵灾给人们带来的最深刻印象便是对大地造成的破坏，然而在陨石下落带来的变化中却也有带有大量的新生。一块陨石碎片落到了加拉迪翁湾，并产生了一个新的小岛。在接到了水手的报告之后，黑涡团最高长官派出了“勇敢之心号”战舰前去进行详细调查。随后更是在岛上建起了一座名为“狼狱水上竞技场”的练兵设施。

如今这座“群狼的监狱”已经变成了同盟军的联合训练基地。每天都会有三国军队的大量士兵来到这里进行实战形式的模拟战斗训练。在磨砺了尖牙与利爪之后，出狱的群狼会以什么样的英姿展现在真正的战场之上呢……",1082,18,0,0,true,0,false,1,336,112024,0,0,0,0,0,2,0,0,0,0,0,0,0,0,0,0,0,0,0,0,0,0,-1,0
40003,5,0,2,false,false,30,50,50,4,2,true,1,1,1,1,"狼狱水上竞技场（随机组队专用）","灵灾给人们带来的最深刻印象便是对大地造成的破坏，然而在陨石下落带来的变化中却也有带有大量的新生。一块陨石碎片落到了加拉迪翁湾，并产生了一个新的小岛。在接到了水手的报告之后，黑涡团最高长官派出了“勇敢之心号”战舰前去进行详细调查。随后更是在岛上建起了一座名为“狼狱水上竞技场”的练兵设施。

如今这座“群狼的监狱”已经变成了同盟军的联合训练基地。每天都会有三国军队的大量士兵来到这里进行实战形式的模拟战斗训练。在磨砺了尖牙与利爪之后，出狱的群狼会以什么样的英姿展现在真正的战场之上呢……",1082,18,0,0,true,0,false,1,337,112024,0,0,0,0,0,3,0,0,0,0,0,0,0,0,0,0,0,0,0,0,0,0,-1,0
40004,5,0,1,false,false,30,50,50,4,2,true,1,1,1,1,"狼狱水上竞技场（固定队专用）","灵灾给人们带来的最深刻印象便是对大地造成的破坏，然而在陨石下落带来的变化中却也有带有大量的新生。一块陨石碎片落到了加拉迪翁湾，并产生了一个新的小岛。在接到了水手的报告之后，黑涡团最高长官派出了“勇敢之心号”战舰前去进行详细调查。随后更是在岛上建起了一座名为“狼狱水上竞技场”的练兵设施。

如今这座“群狼的监狱”已经变成了同盟军的联合训练基地。每天都会有三国军队的大量士兵来到这里进行实战形式的模拟战斗训练。在磨砺了尖牙与利爪之后，出狱的群狼会以什么样的英姿展现在真正的战场之上呢……",1111,18,0,0,true,0,false,1,352,112024,0,0,0,0,0,4,0,0,0,0,0,0,0,0,0,0,0,0,0,0,0,0,-1,0
40005,0,0,0,true,false,60,1,100,4,1,false,0,0,0,0,"","",0,18,0,0,false,0,true,1,0,0,0,0,0,0,0,0,0,0,0,0,0,0,0,0,0,0,0,0,0,0,0,0,-1,0
65000,2,0,0,true,false,60,1,100,4,1,false,0,0,0,0,"入室テスト用ダミーコンテンツ","",0,18,0,0,false,0,true,1,0,0,0,0,0,0,0,0,0,0,0,0,0,0,0,0,0,0,0,0,0,0,0,0,-1,0
65001,2,0,0,true,false,60,1,100,8,9,false,2,2,2,2,"","",0,18,0,0,true,0,true,1,0,0,0,0,0,0,0,0,0,0,0,0,0,0,0,0,0,0,0,0,0,0,0,0,-1,0
